sample_id,input_token_count,output_token_count,total_output_rows,threshold,high_abs_diff_count,high_abs_diff_ratio,max_abs_logprob_diff
280ea868179982ba6208,17357,6,6,1.0,1,0.16666666666666666,16.526644378900528
d488f82340760375058c,17345,6,6,1.0,1,0.16666666666666666,6.284964948892593
976e11a19b2b7cacf1db,17348,7,7,1.0,1,0.14285714285714285,1.0061439871788025
935550ec827032dc1d9a,2168,12,12,1.0,1,0.08333333333333333,4.526910692453384
aebfa5b6518e3f254ef3,547,128,128,1.0,7,0.0546875,10.752228379249573
661ccecca1dab3694a9c,17346,21,21,1.0,1,0.047619047619047616,2.852110743522644
dcd866d3dc80db488c04,17352,24,24,1.0,1,0.041666666666666664,1.1016714870929718
aa2d2f1274b0d99eee0e,17341,128,128,1.0,5,0.0390625,22.58751082420349
eae1a5a7651e9211fc26,8555,60,60,1.0,2,0.03333333333333333,7.60376164317131
ecdb9497228e5a267c55,15439,128,128,1.0,4,0.03125,13.59238357655704
5398fc5df49b92c0e509,557,128,128,1.0,4,0.03125,10.380464553833008
a60ee7075a0a152bc3f3,17346,33,33,1.0,1,0.030303030303030304,21.13153917528689
21e9f9b29eb59f962703,17345,128,128,1.0,3,0.0234375,24.102930456399918
466ffb412b66e73d9eae,8690,128,128,1.0,3,0.0234375,13.46738443733193
aa2bda630cff0a5623ec,8689,128,128,1.0,3,0.0234375,19.545700252056122
db388d5d6f7131c0847c,8556,128,128,1.0,3,0.0234375,14.325167417526245
21cdd0b813254e0f8737,2178,128,128,1.0,3,0.0234375,6.584820747375488
cc8a87421f634a1d75a0,2166,128,128,1.0,3,0.0234375,5.684863209724426
b8b5a91b247b8f7e8b2b,2142,128,128,1.0,3,0.0234375,4.162179499864578
9b3fc3e439e258cb16a7,560,128,128,1.0,3,0.0234375,13.811570882797241
27c1b5b98923f83cfb5b,559,128,128,1.0,3,0.0234375,3.7325896620750427
adab4f812dda201a701a,555,128,128,1.0,3,0.0234375,6.159056682139635
29b22f8dfaa66f1e6a59,553,128,128,1.0,3,0.0234375,2.5745882987976074
cdc659006853563a4dfe,553,128,128,1.0,3,0.0234375,6.4534328924492
9203185cf8ce51ba0207,544,128,128,1.0,3,0.0234375,6.439542531967163
fa111523ee0fd797981c,541,128,128,1.0,3,0.0234375,7.313530921936035
5df619af4fd1ad46c81f,534,128,128,1.0,3,0.0234375,16.251931519655045
aca78f5a4df13d472fad,490,128,128,1.0,3,0.0234375,3.784161834977567
df226192fce797341902,154,128,128,1.0,3,0.0234375,1.6468453779816628
79e661ffad6284ba8475,127,128,128,1.0,3,0.0234375,3.5138713121414185
d0bcedf77dc345f70656,8673,50,50,1.0,1,0.02,5.734773814678192
0c1b0aa5f7b49771176d,2179,111,111,1.0,2,0.018018018018018018,1.827176570892334
2b51ddbd117b02a558f6,17348,57,57,1.0,1,0.017543859649122806,15.887281143572181
f5560263557a6e0024d0,8556,60,60,1.0,1,0.016666666666666666,2.5818655490875244
dba2fe2ed58b228c5e6f,127,60,60,1.0,1,0.016666666666666666,1.559503048658371
b6efd82b11ce7ac892e1,17344,128,128,1.0,2,0.015625,1.6846342980861664
ef63ae0b76a298deb773,17080,128,128,1.0,2,0.015625,19.8099175542593
71fc50345a405bf87e5b,8680,128,128,1.0,2,0.015625,9.0744220726192
21031f9d6b691be2c829,7722,128,128,1.0,2,0.015625,17.30900564044714
58acfdb52b5feb9a194a,555,128,128,1.0,2,0.015625,7.714621484279633
16172a162841e0149e87,552,128,128,1.0,2,0.015625,18.257760882377625
254f62b5c98bb7ebef39,550,128,128,1.0,2,0.015625,2.400214672088623
4cb560834f71c085b803,544,128,128,1.0,2,0.015625,3.5465531945228577
a21e7541ee67e9b42e03,540,128,128,1.0,2,0.015625,5.9755189418792725
b9786ce66ce04e5dc25a,534,128,128,1.0,2,0.015625,14.674016213975847
32afc9ca6b0f03d2f8c5,150,128,128,1.0,2,0.015625,3.3483627438545227
27afe64bb4199d6ce07e,142,128,128,1.0,2,0.015625,9.774520099163055
1ff7d9699c4a238b6b9c,138,128,128,1.0,2,0.015625,5.011756062507629
d96efb11522104d6d6d0,8677,87,87,1.0,1,0.011494252873563218,4.445232510566711
ad65490bd4d2e25b6dc8,8690,90,90,1.0,1,0.011111111111111112,17.680915700737387
e2b132f33182a57a097f,17347,97,97,1.0,1,0.010309278350515464,5.222270727157593
ddcd86dc11c762f9930c,1935,98,98,1.0,1,0.01020408163265306,11.056781128048897
fc774f13ffed5a3f9d24,495,99,99,1.0,1,0.010101010101010102,2.784885972738266
0925d08e74c1006f96a9,8670,103,103,1.0,1,0.009708737864077669,11.229448199272156
93ed7a6441ab6bddf401,15439,106,106,1.0,1,0.009433962264150943,4.675792828202248
955530b5612ce40e012f,17088,113,113,1.0,1,0.008849557522123894,1.9682071972638369
77698c160fc38e30d268,8682,114,114,1.0,1,0.008771929824561403,1.0517577826976776
371f5f89afb967ebe762,2169,114,114,1.0,1,0.008771929824561403,4.0192790031433105
de5eb6baf36615b0ab53,8538,116,116,1.0,1,0.008620689655172414,1.2152013888116926
e186afe4211d84798195,17348,122,122,1.0,1,0.00819672131147541,5.952647477388382
ae035c86c89704875e0a,17357,128,128,1.0,1,0.0078125,1.523291900753975
d69610289383618b1e9f,17356,128,128,1.0,1,0.0078125,5.7586149871349335
1481d6bd683ac7ae07bb,17354,128,128,1.0,1,0.0078125,4.040198504924774
63dedf3fa3dbf3aedae0,17352,128,128,1.0,1,0.0078125,6.138701036572456
5c6df579abf47346804b,17348,128,128,1.0,1,0.0078125,6.599933713674545
b0145834c05f05dae4d3,17346,128,128,1.0,1,0.0078125,1.6506275832653046
039de85a378ae7082fd2,17342,128,128,1.0,1,0.0078125,18.351804494857788
f00aee5ec6fc24ea74d3,17088,128,128,1.0,1,0.0078125,12.256685495376587
03cc0a8a75c211be23fe,15433,128,128,1.0,1,0.0078125,1.7296917894855142
5ade7d1684a8dc883a00,8686,128,128,1.0,1,0.0078125,21.20338797569275
3db4cd0bbf72d65960e8,8684,128,128,1.0,1,0.0078125,3.0367269068956375
1310abe2b8da0b834977,8682,128,128,1.0,1,0.0078125,1.5307980477809906
176a7bce47496290f8d8,8679,128,128,1.0,1,0.0078125,5.642616957426071
f34c90a29cf275febd01,8678,128,128,1.0,1,0.0078125,9.513162612915039
3f231060987c849040bb,8676,128,128,1.0,1,0.0078125,18.93497510580346
055b2fa2711402598ff8,8671,128,128,1.0,1,0.0078125,14.670448414166458
495a494e8b4965d40da7,7722,128,128,1.0,1,0.0078125,1.3466648310422897
47eb4ae78c5d6f83ec91,7722,128,128,1.0,1,0.0078125,9.175385594367981
3d4f88e2f300c1aa21b8,7721,128,128,1.0,1,0.0078125,16.010405361652374
554e6e4c62ef5419bb05,2182,128,128,1.0,1,0.0078125,1.6801775097846985
6013deb8f43a8eb5014c,2182,128,128,1.0,1,0.0078125,17.067992709577084
c7edc7c587e8e70ae734,2181,128,128,1.0,1,0.0078125,1.0968002676963806
bedf97d883a8ffdb2f9a,2177,128,128,1.0,1,0.0078125,1.854827880859375
71a52be839a16d2f9be8,2176,128,128,1.0,1,0.0078125,5.812163263559341
9a6303f1549d542c1801,2174,128,128,1.0,1,0.0078125,3.369107484817505
40a11064186f76a13eb6,2171,128,128,1.0,1,0.0078125,6.066752165555954
23cb4621d0cc79754f3c,2169,128,128,1.0,1,0.0078125,15.04855901375413
9356bffe6da623595956,2168,128,128,1.0,1,0.0078125,8.987472772598267
e7be21945ca0ad81fcf8,2167,128,128,1.0,1,0.0078125,2.068105936050415
bfb01adcfe0e136fb6ba,2166,128,128,1.0,1,0.0078125,1.8972221724689007
473cbdaf4c59655f87d1,2166,128,128,1.0,1,0.0078125,1.6598574221134186
b56ae2de0afa2666ca79,2147,128,128,1.0,1,0.0078125,14.483207434415817
bac8931bb96bead1718b,2142,128,128,1.0,1,0.0078125,5.231549650430679
2452ea884a1c69755f8d,1930,128,128,1.0,1,0.0078125,1.1950199007987976
bc49f7c3c4e5bbaf4820,1929,128,128,1.0,1,0.0078125,6.684424689505249
bd74d2b1f175935afa85,558,128,128,1.0,1,0.0078125,1.8933463096618652
c75c6e1638e89a6176aa,558,128,128,1.0,1,0.0078125,2.448726534843445
674c6ea6cf764bec2057,557,128,128,1.0,1,0.0078125,4.497918456792831
da58948177e1cf8654f5,553,128,128,1.0,1,0.0078125,14.535066604614258
b1902038a7ef37ed4fc4,551,128,128,1.0,1,0.0078125,6.435190632939339
d8b09c3c7d87562a1319,551,128,128,1.0,1,0.0078125,1.4545655250549316
c7861826e401957015c5,549,128,128,1.0,1,0.0078125,1.457253336906433
4782b9784239087a6e8c,547,128,128,1.0,1,0.0078125,2.106070041656494
2a51504be7780b627a97,545,128,128,1.0,1,0.0078125,1.8257102966308594
965e728be3dff0fbc467,544,128,128,1.0,1,0.0078125,3.6604737639427185
9f1165575d2a3ffd7d23,543,128,128,1.0,1,0.0078125,6.356847524642944
16848c5028ff542acb85,542,128,128,1.0,1,0.0078125,11.290893077850342
4c7614fc3ab24132bdb1,490,128,128,1.0,1,0.0078125,1.586725190281868
33b0a11bae14f2134af4,149,128,128,1.0,1,0.0078125,1.481113314628601
774557917a3cbf84f6f9,147,128,128,1.0,1,0.0078125,1.6689739227294922
1bd6df0931ab70debb45,147,128,128,1.0,1,0.0078125,7.000304311513901
36b6809c027eea902111,144,128,128,1.0,1,0.0078125,1.1584484572522342
2ddc769a3cc319dad592,139,128,128,1.0,1,0.0078125,4.902520298957825
ead575033d25c448fe3d,138,128,128,1.0,1,0.0078125,6.9891592264175415
6cfe70e13bcbaa3c8111,138,128,128,1.0,1,0.0078125,1.905920147895813
9306b267ac782a242f77,133,128,128,1.0,1,0.0078125,4.218315482139587
a55c5155a2a04c4e9d55,17775,128,128,1.0,0,0.0,0.37663137912750244
3d449bba51879bf3aecc,17775,128,128,1.0,0,0.0,0.29316043853759766
2ecf77a319216bc29cec,17775,128,128,1.0,0,0.0,0.26537609100341797
9e67f4bf842595bbb4b1,17779,1,1,1.0,0,0.0,0.09414339065551758
7ceb207421c1069121e5,17774,1,1,1.0,0,0.0,0.4802401661872864
920f9b9d4e5dc6851d70,17352,128,128,1.0,0,0.0,0.44703763723373413
c5144978e30db02dd877,17352,128,128,1.0,0,0.0,0.8153920769691467
e561a535910edc828d00,17347,128,128,1.0,0,0.0,0.3434242606163025
10512be5feb68d673da7,17344,128,128,1.0,0,0.0,0.6328237056732178
44d091c7fd34fb996930,17340,128,128,1.0,0,0.0,0.30556797981262207
44ec66fdff5e86b71209,17351,109,109,1.0,0,0.0,0.4303474426269531
5bad86c7dba7e6c30555,17348,100,100,1.0,0,0.0,0.5507439970970154
3db7edbac88e655bec03,17339,78,78,1.0,0,0.0,0.27362972497940063
5439466cdf9b3fe03eb3,17354,42,42,1.0,0,0.0,0.5735881328582764
4c3548db8eb781483b39,17351,19,19,1.0,0,0.0,0.17517292499542236
58648685326515e690e8,17347,15,15,1.0,0,0.0,0.22126972675323486
41fe69362c321f8a0515,17088,115,115,1.0,0,0.0,0.5877261161804199
bf3fd5bcc4cfb3b1e903,17086,86,86,1.0,0,0.0,0.16576534509658813
c4cc82e921d1f61de305,16416,1,1,1.0,0,0.0,0.006134033203125
83dceef090c2c48724b2,16414,1,1,1.0,0,0.0,0.007425684481859207
97eaafbb885b43fec816,16409,1,1,1.0,0,0.0,0.014342695474624634
e038afc9e824c4b96fae,16409,1,1,1.0,0,0.0,0.043344512581825256
e59cc328ae6e136bceec,16408,1,1,1.0,0,0.0,0.07079774141311646
d305c7e985462df37c18,15434,128,128,1.0,0,0.0,0.7931917607784271
05a34169bb5dcd38d174,15434,128,128,1.0,0,0.0,0.63716721534729
c314ef821766e1cd4498,8901,128,128,1.0,0,0.0,0.4602721929550171
9f620bc9ded0e5b186b0,8900,128,128,1.0,0,0.0,0.3773629665374756
0f7d0fd565e33920609b,8883,128,128,1.0,0,0.0,0.5402975082397461
b0fa122a71f4b81bc130,8883,128,128,1.0,0,0.0,0.36637693643569946
c0ffb119a6de417bf202,8901,1,1,1.0,0,0.0,0.09542346000671387
226534177d297808f614,8687,128,128,1.0,0,0.0,0.12497645616531372
4767f62654e6a729118d,8685,128,128,1.0,0,0.0,0.3829073905944824
6f11621ea4870c5051c0,8684,128,128,1.0,0,0.0,0.6983512043952942
8a99328541cac5fdce7b,8684,128,128,1.0,0,0.0,0.38900625705718994
9b5622865f391be379dc,8675,128,128,1.0,0,0.0,0.5274007320404053
9c92fbd9374ceac98124,8673,128,128,1.0,0,0.0,0.469677209854126
ed64c33dec678e9c1523,8669,128,128,1.0,0,0.0,0.26347070932388306
241b4d6c96e6af856c82,8677,115,115,1.0,0,0.0,0.2512447237968445
b97f77ac947e97173a3f,8684,77,77,1.0,0,0.0,0.27245259284973145
88daa8df0eb8166c46a2,8681,75,75,1.0,0,0.0,0.4134751632809639
a93f2a9875be3085b27e,8681,38,38,1.0,0,0.0,0.2527865767478943
767d2c491bd2cfda50bb,8681,14,14,1.0,0,0.0,0.4013875424861908
0b3d86f36e753a65e427,8682,6,6,1.0,0,0.0,0.27274733781814575
ee8ce3c3337007480d52,8670,14,14,1.0,0,0.0,0.22552794218063354
60f46a71bf17143bb891,8667,17,17,1.0,0,0.0,0.61496502161026
83b8c04623f4c5b0925a,8561,73,73,1.0,0,0.0,0.6116965897381306
6a417008251fd90c5c1d,8226,1,1,1.0,0,0.0,0.03034830093383789
92fa4ed5264535af1861,8224,1,1,1.0,0,0.0,0.023867905139923096
27665fea9a90e68326fa,8224,1,1,1.0,0,0.0,0.03208082914352417
8a770bebd0d9a35c715a,8219,1,1,1.0,0,0.0,0.00828254222869873
4e0a3755e30b11dd7c67,8218,1,1,1.0,0,0.0,0.09882229566574097
00f75f3d9317bb603adf,7727,103,103,1.0,0,0.0,0.3528849855065346
d01ade66f802d41e4b91,2230,128,128,1.0,0,0.0,0.5985965728759766
446dceccf620daa17288,2229,128,128,1.0,0,0.0,0.25805193185806274
9749c29ecbdf8c66383f,2186,128,128,1.0,0,0.0,0.3468363285064697
4f8347f6ca96783e69d3,2184,128,128,1.0,0,0.0,0.3434535264968872
e0d75043b913539245dd,2183,128,128,1.0,0,0.0,0.43639397621154785
cda6c84d555e3c6449ae,2183,128,128,1.0,0,0.0,0.4277184009552002
107c0874e9429ce217c5,2183,128,128,1.0,0,0.0,0.23081207275390625
15eb16fcdaff88e628d7,2178,128,128,1.0,0,0.0,0.14113068580627441
a6b5caa85856ba69deb4,2178,128,128,1.0,0,0.0,0.35808074474334717
536de0e450d7da19125d,2177,128,128,1.0,0,0.0,0.5333944879239425
ed0e956b8ef0dba85379,2176,128,128,1.0,0,0.0,0.40782877802848816
df2d1e9365fc9a5a3612,2176,128,128,1.0,0,0.0,0.4990203380584717
6777c603c16881faf801,2175,128,128,1.0,0,0.0,0.4529939889907837
8c73331b2db7c6325b81,2171,128,128,1.0,0,0.0,0.4294309914112091
dab696e6f79ee4d1e78d,2171,128,128,1.0,0,0.0,0.7142418026924133
e32f92840a7a4de12de8,2148,128,128,1.0,0,0.0,0.19814324378967285
ce5f5d795624bb0be26b,2142,128,128,1.0,0,0.0,0.7128539171535522
0a95e425e4dd7a02f20c,2243,1,1,1.0,0,0.0,0.11110854148864746
b4fdda7dabad8e1e132f,2243,1,1,1.0,0,0.0,0.03439527750015259
36358749e573acbcc628,2243,1,1,1.0,0,0.0,0.018709838390350342
5b84452be308abfbbf02,2066,128,128,1.0,0,0.0,0.43753015995025635
e6e6915439026caf5b7f,2065,128,128,1.0,0,0.0,0.5828409790992737
2a79efb68605bc2f5fe4,2073,1,1,1.0,0,0.0,0.10671204328536987
71097911ce5b11ea1460,2073,1,1,1.0,0,0.0,0.0158117413520813
9e16629760a34318461b,2066,1,1,1.0,0,0.0,0.7176087498664856
894f267072dcab0b34ac,1930,128,128,1.0,0,0.0,0.7509530782699585
da187bcffc08d8df596e,1930,128,128,1.0,0,0.0,0.7458463311195374
e4319382c84d12785440,579,128,128,1.0,0,0.0,0.5617759227752686
931236a06351a1187146,560,128,128,1.0,0,0.0,0.22338080406188965
43d24dea109fc2bee478,554,128,128,1.0,0,0.0,0.4831918478012085
dff423d9704a840dcff3,550,128,128,1.0,0,0.0,0.31951677799224854
b779970d705fdc72ddd4,545,128,128,1.0,0,0.0,0.339457631111145
80da37d7496c38b8b538,545,128,128,1.0,0,0.0,0.9869292974472046
cbbaf01f8d9698145a16,542,128,128,1.0,0,0.0,0.9939092397689819
081f312c80bb99972dbd,541,128,128,1.0,0,0.0,0.8926801979541779
888143df5d12f0a0df95,490,128,128,1.0,0,0.0,0.8957046270370483
a2aa3c4ce5d485896306,489,128,128,1.0,0,0.0,0.5130442976951599
6acbef27347eccd07c24,580,1,1,1.0,0,0.0,0.2108926773071289
7fd7e84c47c07f201203,568,1,1,1.0,0,0.0,0.010129481554031372
4c4f4baf4e046e758479,568,1,1,1.0,0,0.0,0.0648237019777298
5d64b2baf04953769267,568,1,1,1.0,0,0.0,0.03213004767894745
89cce66da1b940027e04,533,1,1,1.0,0,0.0,0.169782817363739
46fb24dbcef75f627480,530,1,1,1.0,0,0.0,0.03598135709762573
24885d628a21faf5da2e,526,1,1,1.0,0,0.0,0.04952704906463623
e943331ec9c151e75ca0,526,1,1,1.0,0,0.0,0.0017850995063781738
9931c4a5c4ecb1504a26,526,1,1,1.0,0,0.0,0.06463801860809326
127949883dbe82e96510,154,128,128,1.0,0,0.0,0.35643136501312256
7fc84cfa5f84c9243cd0,154,128,128,1.0,0,0.0,0.44300246238708496
f38a2468494a6f425aeb,154,128,128,1.0,0,0.0,0.26604992151260376
deac53e4c4eed71e15c7,153,128,128,1.0,0,0.0,0.4989982843399048
1d61f99a7cea7847043a,151,128,128,1.0,0,0.0,0.2119571566581726
ae18eb3ef38364a72177,151,128,128,1.0,0,0.0,0.32158195972442627
f400d08071f93553a17e,150,128,128,1.0,0,0.0,0.37491118907928467
4dfde89039b9f1884bb5,149,128,128,1.0,0,0.0,0.06447291374206543
2c0557260880c3f444f7,149,128,128,1.0,0,0.0,0.9159562010318041
a7db88d1d36b0d32f1fe,148,128,128,1.0,0,0.0,0.49458980560302734
fae20e539be49390c497,148,128,128,1.0,0,0.0,0.34935665130615234
8a8930f458afc16f1aeb,147,128,128,1.0,0,0.0,0.5453879237174988
df1ae758c63b2eba25b6,146,128,128,1.0,0,0.0,0.26530778408050537
31b2823ed21b494473c6,146,128,128,1.0,0,0.0,0.21253955364227295
6c82476bd3ee46b06d06,145,128,128,1.0,0,0.0,0.22011852264404297
f5bcada5dcb51b67ec63,142,128,128,1.0,0,0.0,0.24376600980758667
254d4e083f1f3af7315e,141,128,128,1.0,0,0.0,0.44979822635650635
8b6644e969904471b868,140,128,128,1.0,0,0.0,0.2434421181678772
c4062c562891d02435ca,140,128,128,1.0,0,0.0,0.4847303032875061
6daffa590383c25fcd17,139,128,128,1.0,0,0.0,0.1877174973487854
91589a2236c99c809d29,138,128,128,1.0,0,0.0,0.16601288318634033
668ec3c1c15cb02a4375,138,128,128,1.0,0,0.0,0.8903504386544228
3d696aea5e90940f0f85,138,128,128,1.0,0,0.0,0.23600971698760986
89c657cee2d0f5ecd548,138,128,128,1.0,0,0.0,0.38770776987075806
4c9209ac66e76ca9790d,138,128,128,1.0,0,0.0,0.385809063911438
b02a6fd30fe4573366fc,137,128,128,1.0,0,0.0,0.4138367176055908
1b720995044d47655d3a,134,128,128,1.0,0,0.0,0.26590436697006226
078441dc63cb2e4b07bd,134,128,128,1.0,0,0.0,0.27072930335998535
0c7a3248234f94699a83,122,128,128,1.0,0,0.0,0.19450229406356812
f30ea4e58acf7b58a81a,122,128,128,1.0,0,0.0,0.7359941005706787
56850111c3b4ff2ddf28,140,99,99,1.0,0,0.0,0.298088014125824
f30e6072f963aa16e457,40,128,128,1.0,0,0.0,0.40576064586639404
0aa6cfc00ab1dd402f7e,39,128,128,1.0,0,0.0,0.24778389930725098
996641191bc8907bbda6,39,128,128,1.0,0,0.0,0.18232250213623047
1757a5dbdeca60120661,39,128,128,1.0,0,0.0,0.3913554549217224
3d3cd44da6c8d94f2172,39,128,128,1.0,0,0.0,0.3911610245704651
8f69f039471770707b7e,39,128,128,1.0,0,0.0,0.2732008695602417
f7b04a9eb798f66c1982,39,128,128,1.0,0,0.0,0.17470109462738037
4418047bdabefce010fe,39,128,128,1.0,0,0.0,0.35175833106040955
08a516ed65ded1d98939,39,128,128,1.0,0,0.0,0.16922831535339355
4b1e71db3e319a78014b,39,128,128,1.0,0,0.0,0.20746493339538574
20d8dd0b65d5c0071954,38,128,128,1.0,0,0.0,0.18208777904510498
fad7a7bed044b720b4b1,38,128,128,1.0,0,0.0,0.2775646448135376
00948d836971f053bbf9,38,128,128,1.0,0,0.0,0.3365859389305115
427558f1540f9f15a1d6,38,128,128,1.0,0,0.0,0.2449740767478943
c09cc454c37cd68fb6d9,38,128,128,1.0,0,0.0,0.39700591564178467
0a1d8a7c087c9dc3d2cd,38,128,128,1.0,0,0.0,0.3226701617240906
29f2b9019a91ff75122a,38,128,128,1.0,0,0.0,0.16326957941055298
f3007c807c021e4181b1,38,128,128,1.0,0,0.0,0.34206289052963257
7be132b0daecc07a766e,37,128,128,1.0,0,0.0,0.5305521488189697
7c3ada951af1fb924874,37,128,128,1.0,0,0.0,0.2741376757621765
e5ffaee275e5ce46097d,34,128,128,1.0,0,0.0,0.17940419912338257
7a613643598c07a5fd54,33,128,128,1.0,0,0.0,0.1271876096725464
b50e0e831fd0bd10c726,33,128,128,1.0,0,0.0,0.30688250064849854
f2ec140de4bf39a8be01,33,128,128,1.0,0,0.0,0.49303293228149414
c0e27e693b032f42297d,33,128,128,1.0,0,0.0,0.3352397084236145
8039923b9c867d3902cb,33,128,128,1.0,0,0.0,0.24733197689056396
8ad829c001ab9d0b65a4,33,128,128,1.0,0,0.0,0.3514155149459839
2f98a6a94b0c75d8837b,33,128,128,1.0,0,0.0,0.18410468101501465
87b1b04483edc612ca02,33,128,128,1.0,0,0.0,0.19849205017089844
59428fed598f61849689,33,128,128,1.0,0,0.0,0.39196014404296875
de6558a7fee68d77a77e,33,128,128,1.0,0,0.0,0.3827677369117737
b89bd85ff4224e2713fa,33,128,128,1.0,0,0.0,0.15070736408233643
c36ab0f8ca7e28a29d4d,33,128,128,1.0,0,0.0,0.21894556283950806
1e35a89febc387eef2a6,33,128,128,1.0,0,0.0,0.13513225317001343
cbc17d7de4f012a625be,33,128,128,1.0,0,0.0,0.5305038690567017
20a465f9da5b00918b47,33,128,128,1.0,0,0.0,0.2331586480140686
58fa31051707ef2cb0c9,33,128,128,1.0,0,0.0,0.3581887483596802
dd6fb356579d9e180ee8,33,128,128,1.0,0,0.0,0.297137051820755
1cb99752774e0cb75bcd,33,128,128,1.0,0,0.0,0.23830264806747437
4bc38e4951d5c195ad83,33,128,128,1.0,0,0.0,0.16890323162078857
a9b33a97d1e88d15b4a3,33,128,128,1.0,0,0.0,0.1495223045349121
72bd5bcb55602acf77d2,33,128,128,1.0,0,0.0,0.15884488821029663
76cfc0629d2bad7c20fb,33,128,128,1.0,0,0.0,0.2797123193740845
e1106e26e88b26e43da4,33,128,128,1.0,0,0.0,0.3467893898487091
4362be0e95f2264e40d3,33,128,128,1.0,0,0.0,0.15624400973320007
b204a181e3e00826a19e,32,128,128,1.0,0,0.0,0.16011834144592285
7086e023532b893d4bae,32,128,128,1.0,0,0.0,0.25447285175323486
8896c20ee2df2e8b3133,32,128,128,1.0,0,0.0,0.35572218894958496
947789fbb93449f1b608,159,1,1,1.0,0,0.0,0.0679643452167511
0848a18636674f51559d,159,1,1,1.0,0,0.0,0.015138447284698486
10ec405176db694e80fc,149,1,1,1.0,0,0.0,0.031859397888183594
9d0138a8e3e579ef5d0a,149,1,1,1.0,0,0.0,0.026306986808776855
ff2d36168a506c775b7f,142,1,1,1.0,0,0.0,0.04148554801940918
92700be4ef3a5fb144b6,32,80,80,1.0,0,0.0,0.175994873046875
0b78fd794493c2fce383,32,49,49,1.0,0,0.0,0.30509889125823975
