abs_logprob_diff_p50,abs_logprob_diff_p90,abs_logprob_diff_p95,abs_logprob_diff_p99,abs_logprob_diff_p999,count,finite_count,group,max_abs_logprob_diff,mean_abs_logprob_diff,missing_selected_count,rank_delta_nonzero_rate,topk_jaccard_mean,topk_jaccard_p01,topk_jaccard_p05,union_js_max,union_js_p95,union_js_p99
0.004416740499436855,0.10973479151725765,0.15499512255191789,0.3097078087925912,0.3593666529655459,128,128,00948d836971f053bbf9,0.36550968885421753,0.03468199189024457,0,0.0078125,0.9305552902979374,0.7777777777777779,0.8473949579831933,0.028117653281030087,0.0077708535817607935,0.023445756823798188
1.9073444548212137e-06,0.006098422408103941,0.011387054622173286,0.07644302159547818,0.09438393467664724,128,128,078441dc63cb2e4b07bd,0.0958031415939331,0.003448895147658282,0,0.0,0.8445654327697938,0.4883720930232558,0.6,0.0068907443399463635,0.0012040622725760016,0.004311823012366921
0.01076374389231205,0.146177390217781,0.23502844572067216,0.30587601840496065,0.3183970502018929,128,128,081f312c80bb99972dbd,0.32015812397003174,0.04616276392668234,0,0.0546875,0.9164128151260504,0.8285714285714286,0.8285714285714286,0.024908249997547732,0.010721255800330103,0.02252163726793939
0.0008234221022576094,0.0831718400120735,0.16698888391256322,0.5239978027343756,0.836436584413053,128,128,0848a18636674f51559d,0.8766733407974243,0.035637197307002766,0,0.03125,0.9231233023512435,0.7777777777777779,0.8285714285714286,0.04250206713481641,0.009313354413542902,0.02931855656731706
0.028201133012771606,0.09376221299171447,0.12468470931053154,0.21126958668231982,0.24589820432662973,128,128,08a516ed65ded1d98939,0.2489628791809082,0.04185508030074386,0,0.0234375,0.9261023389699861,0.7297297297297297,0.8285714285714286,0.007873830241473334,0.005268033548708093,0.007592210141510887
0.021663546562194824,0.12218718528747557,0.18191146254539486,0.21408972978591922,0.24480106163024917,128,128,0a1d8a7c087c9dc3d2cd,0.24900877475738525,0.046365971984726695,0,0.0390625,0.9173284255583604,0.6065392221489783,0.8285714285714286,0.0317260998601455,0.00844932611223592,0.026667626726279217
0.0015766672440804541,0.08152974992990494,0.12901243492960918,0.3063875940442087,0.5043142176568518,128,128,0a95e425e4dd7a02f20c,0.5313279628753662,0.030287403270092494,0,0.0078125,0.9248553987524576,0.7777777777777779,0.8285714285714286,0.04548253993805639,0.007424424763767161,0.02743629894300747
9.575934382155538e-05,0.03271074150688944,0.059561803936958306,0.19048850893974334,0.3402342072725303,128,128,0aa6cfc00ab1dd402f7e,0.35920774936676025,0.01270770730789983,0,0.0078125,0.8599646000880201,0.5079750425411231,0.6410256410256411,0.03368635778351582,0.005920756212538188,0.016406142217125327
0.00011736874876078218,0.13132586479187008,0.19016568884253499,0.3650888681411746,0.6553852151036277,128,128,0b78fd794493c2fce383,0.6949981451034546,0.037221475572020324,0,0.0234375,0.934398873185638,0.8285714285714286,0.8823529411764706,0.035164157211474784,0.015668904060524826,0.024754017032672732
1.4304946489573922e-06,0.0032120045274496066,0.011296092160046099,0.05683536842465411,0.11885476970672637,128,128,0c1b0aa5f7b49771176d,0.12687063217163086,0.002578778298459816,0,0.0,0.9070762816312352,0.5671177944862156,0.7465465465465466,0.005222446444986046,0.0003665365895200616,0.002761526863067729
0.0010442142374813557,0.12920911014080044,0.2020568192005156,0.7056596881151214,1.1849060977101344,128,128,0c7a3248234f94699a83,1.2409446239471436,0.0479651973720589,0,0.03125,0.9093117969956206,0.7427027027027027,0.8285714285714286,0.19476313962455322,0.010636473292198185,0.06717243900455926
1.7881324865243187e-07,0.007244754955172537,0.03296412229537962,0.1983635103702546,0.21866407108306893,128,128,107c0874e9429ce217c5,0.22079741954803467,0.008117325598515301,0,0.0234375,0.9182562121900357,0.7297297297297297,0.7777777777777779,0.01155500534504448,0.0013255005181585756,0.004136099660234319
0.0003085616772295907,0.07449114322662351,0.19639478921890213,0.43383847579360096,0.5278807718455794,128,128,10ec405176db694e80fc,0.5328894406557083,0.030405913727825973,0,0.015625,0.9321256970154029,0.7777777777777779,0.8285714285714286,0.07364138953839118,0.010360898055454985,0.0485556133149359
0.0009322249970864505,0.09976474642753601,0.16920560523867595,0.28688999027013784,1.1575842386782216,128,128,127949883dbe82e96510,1.2834769487380981,0.03995155653553584,0,0.0390625,0.927082802818097,0.8285714285714286,0.8285714285714286,0.06494171265240692,0.006664284886759953,0.02727544886517584
2.0861521079496015e-06,0.023255026340484618,0.055213123559951706,0.11717272877693179,0.13895586228370677,128,128,15eb16fcdaff88e628d7,0.14188909530639648,0.007992446468335634,0,0.015625,0.9237407862407863,0.7777777777777779,0.7955555555555557,0.008220404684463375,0.0015761656944191195,0.00375134969320221
4.768366750340647e-07,0.009487491846084588,0.036175034940242705,0.13664039373397854,0.1618794419765473,128,128,16172a162841e0149e87,0.1629018783569336,0.005944863574011416,0,0.0078125,0.8410354931292674,0.4883720930232558,0.6,0.005188711256035214,0.0015586186227857003,0.0030484476874716904
1.1920917586394353e-07,0.008125215023756025,0.015197736024856542,0.13703782379627247,0.2565658411979681,128,128,16848c5028ff542acb85,0.271972119808197,0.005698951414543185,0,0.0078125,0.8342385377692768,0.45454545454545453,0.5746341463414635,0.018102678167170302,0.0014819367353241851,0.005226178815242958
0.019526243209838867,0.1187569111585617,0.19755853712558724,0.3037601590156557,0.3928235949277882,128,128,1757a5dbdeca60120661,0.4045490026473999,0.04496011713787351,0,0.0234375,0.9360026207452679,0.8285714285714286,0.8823529411764706,0.016181108848547062,0.008777487772335942,0.01366584943344617
0.0002787236007861793,0.08655046075582501,0.18812757134437502,0.31267927616834656,0.4655525399148472,128,128,1b720995044d47655d3a,0.48601478338241577,0.03192199077002178,0,0.03125,0.9112223915145742,0.7094736842105263,0.8285714285714286,0.029733293270014113,0.008951930901108915,0.025144817118043113
3.933831067115534e-06,0.007957789115607709,0.06470471620559683,0.09038928151130678,0.14913792335987122,128,128,1bd6df0931ab70debb45,0.15756535530090332,0.006616117260388743,0,0.0,0.891292639911601,0.6,0.7001422475106687,0.007631044472351764,0.003050189387392947,0.006042163287345199
0.011603772640228271,0.07535961270332334,0.0925840675830841,0.23275177747011186,0.30126384225487746,128,128,1cb99752774e0cb75bcd,0.3110520839691162,0.029552906596416628,0,0.015625,0.908842586758514,0.5338443670150987,0.7955555555555557,0.015868391808387432,0.007931899356011315,0.011636861309751625
5.304344085743651e-06,0.014799882471561433,0.05044785141944874,0.11680934131145483,0.12785480839014057,128,128,1d61f99a7cea7847043a,0.12891888618469238,0.006510643232417068,0,0.0,0.8256429027423552,0.391304347826087,0.5238095238095238,0.013244700869693588,0.0030063123298313702,0.007596314091472914
1.1026144420611672e-05,0.038179689645767206,0.09142370223999019,0.16355798959732068,0.22195516335964227,128,128,1e35a89febc387eef2a6,0.22928094863891602,0.01329784980315224,0,0.0078125,0.8794191802221988,0.5443809523809524,0.7297297297297297,0.014585076613713933,0.0036432062462903535,0.008627871771822233
0.006593246012926102,0.10819199383258818,0.187572574615478,0.2786886084079744,0.28975122714042667,128,128,1ff7d9699c4a238b6b9c,0.29035520553588867,0.035037003376157505,0,0.0234375,0.9001843922244059,0.46367864693446087,0.7955555555555557,0.0484438579987483,0.00966344095615629,0.01646697031987622
0.0011900532990694046,0.0070005912333726845,0.014117558114230624,0.05051643341779717,0.07518691691756259,128,128,20a465f9da5b00918b47,0.07796376943588257,0.003983815804531332,0,0.0,0.9083167798241328,0.7297297297297297,0.7955555555555557,0.004542435647524781,0.0014737973313657554,0.0032147765889386642
0.02876405417919159,0.10526757538318632,0.13790836334228515,0.2554991364479066,0.37252554064989146,128,128,20d8dd0b65d5c0071954,0.38827794790267944,0.04594863591017706,0,0.0546875,0.9427778308293014,0.8285714285714286,0.8823529411764706,0.01837682730121512,0.006820144878813308,0.01455244938993377
0.00150311051402241,0.1362235128879547,0.23387909308075894,0.4565906095504761,1.4073310437798552,128,128,21cdd0b813254e0f8737,1.5454871654510498,0.05904397110860066,0,0.0390625,0.91674063769652,0.7777777777777779,0.8285714285714286,0.16646274009975728,0.026957662407999974,0.04399488474374127
2.503383257135283e-06,0.005562530830502509,0.026360186189412986,0.04143332451581956,0.11694087874889414,128,128,23cb4621d0cc79754f3c,0.12784087657928467,0.003399730094967468,0,0.0,0.8611863658765796,0.5338443670150987,0.6410256410256411,0.006982694603599123,0.000988424769988591,0.004452760375753864
8.474062497043633e-05,0.0757146157324314,0.15097551345825194,0.33912949740886733,0.6995748766064661,128,128,2452ea884a1c69755f8d,0.7480652928352356,0.027666726417752696,0,0.0234375,0.910587660103914,0.6842105263157895,0.7777777777777779,0.06101948105926519,0.009607075486463683,0.02705510655379425
0.0005421754904091358,0.09302585124969481,0.18268853053450557,0.40962703764438674,0.4388686935603619,128,128,24885d628a21faf5da2e,0.43898865580558777,0.031145840360726817,0,0.0390625,0.9093036457007045,0.7777777777777779,0.7955555555555557,0.029787335387092453,0.009444275047281755,0.024614485019549694
3.9208798625622876e-05,0.0874780535697937,0.10949872732162474,0.7009020411619006,8.399393699301099,128,128,254d4e083f1f3af7315e,9.499142908374779,0.09945197366962766,0,0.0234375,0.8097922093945196,0.2870530612244898,0.4787878787878788,0.6926996006653869,0.01105269761845568,0.21284776570710928
1.1920928244535389e-07,0.0005266563962322828,0.011062422394752473,0.08153149902820599,0.36399620712101327,128,128,254f62b5c98bb7ebef39,0.40401488542897823,0.005338393033176125,0,0.0,0.8417489742971704,0.3100521739130435,0.6,0.13087792638276946,0.0005563320805320237,0.0032153774492045127
8.621130837127566e-05,0.05027489364147185,0.09219879916636262,0.12274181604385376,0.19213484913078757,128,128,27afe64bb4199d6ce07e,0.20221706238226034,0.014409479460654184,0,0.0,0.8395156165575104,0.313469387755102,0.4883720930232558,0.06777785188649137,0.006573594144040939,0.0258299075684016
2.9802204437601176e-07,0.003206082433462141,0.005361403385177252,0.07047698229551319,0.10991724929213544,128,128,27c1b5b98923f83cfb5b,0.11530458927154541,0.0028281662127463414,0,0.0,0.9176650345767993,0.664975744975745,0.7955555555555557,0.005644012801445093,0.00019501394624076487,0.003164764233011208
0.0,0.003920106962323188,0.029088420420885084,0.11112682640552524,0.12849145320057878,128,128,29b22f8dfaa66f1e6a59,0.1307702362537384,0.004425175033250572,0,0.0,0.8269331546306855,0.5609756097560976,0.6143589743589744,0.009845603245724165,0.0013894773893998293,0.006160595697423409
0.0030502541922032833,0.083705735206604,0.12817312777042383,0.21693274259567286,0.2729480643272402,128,128,29f2b9019a91ff75122a,0.2786722183227539,0.026309651009862323,0,0.03125,0.901703012086679,0.6965007112375533,0.7777777777777779,0.029020832609872246,0.01380890644458358,0.027735476511574764
2.741800813055306e-06,0.012159733474254574,0.04254729610402133,0.19074608758490305,22.928880954311115,128,128,2a51504be7780b627a97,26.234784185886383,0.21140475262606284,0,0.0078125,0.866458727520996,0.45454545454545453,0.6410256410256411,0.6666911710375019,0.001697648596950836,0.05313893700525154
0.0021711629815399647,0.11636048257350916,0.17293083071708668,0.32358941882848763,0.808629801690581,128,128,2a79efb68605bc2f5fe4,0.8768460154533386,0.04166931401413332,0,0.015625,0.9208574717765895,0.8285714285714286,0.8285714285714286,0.09885298031629836,0.013172818086374756,0.03542421319700586
0.00013545167166739702,0.08125442564487455,0.16295598596334418,0.41673354953527486,0.8809302699565911,128,128,2c0557260880c3f444f7,0.9452170133590698,0.031037863499430773,0,0.0234375,0.9214638506917919,0.8285714285714286,0.8823529411764706,0.0530385819152253,0.009607426236752344,0.0371739879774769
4.11246219300665e-06,0.01654678732156753,0.0681061320006844,0.1316887301206589,0.3582301296591771,128,128,2ddc769a3cc319dad592,0.3910938501358032,0.009779366080248708,0,0.0078125,0.8297859313377571,0.313469387755102,0.5238095238095238,0.010073600488748728,0.001491972376843995,0.00211691267166086
0.009947247803211212,0.09667944908142087,0.15260884836316108,0.2201371854543686,0.28530402624607115,128,128,2f98a6a94b0c75d8837b,0.2944917678833008,0.034021709852417925,0,0.0234375,0.9343964858670741,0.8285714285714286,0.8823529411764706,0.015535588351397268,0.008381060905522392,0.013529277367464721
1.7881218354887096e-06,0.0042462468147277796,0.016440655663609485,0.09867440044879924,0.14132706093788167,128,128,31b2823ed21b494473c6,0.1465383768081665,0.0037406816747227456,0,0.0,0.820154104867129,0.4883720930232558,0.5746341463414635,0.005918688104470918,0.0009396831732200765,0.005214238958520681
9.260822844225913e-05,0.03891168967329576,0.080502027273178,0.18629243016243016,0.29650379562377976,128,128,32afc9ca6b0f03d2f8c5,0.30922019481658936,0.013292345211487477,0,0.0078125,0.8387761821470979,0.3996521739130435,0.5609756097560976,0.013021339303217302,0.007421897575680526,0.010224179223750978
1.609192531759618e-05,0.029721909761428807,0.07480032891035078,0.18078486680984512,0.20325944375991828,128,128,33b0a11bae14f2134af4,0.20508909225463867,0.012355798925185069,0,0.0078125,0.837225722168047,0.313469387755102,0.4222222222222222,0.022614390528895932,0.007407014020218355,0.017658088270081924
0.00020227347704349086,0.07654486969113347,0.13453728556632996,0.34774659425020243,0.39204042199254047,128,128,36358749e573acbcc628,0.39615875482559204,0.02523745422341922,0,0.0234375,0.9263910109498344,0.7777777777777779,0.8285714285714286,0.04654179979642131,0.008514982803634325,0.025000754586849725
3.993202881247271e-06,0.005198410153388973,0.023428247496485668,0.09416945924982431,0.11585544908046733,128,128,36b6809c027eea902111,0.1187976598739624,0.004588339148307918,0,0.0,0.8461286190934713,0.4979401993355481,0.6,0.01737758433518167,0.0009033754470410746,0.009251894298620049
8.344636626134161e-07,0.001956788171082734,0.011408183537423584,0.04628657490015039,0.1390088488757615,128,128,371f5f89afb967ebe762,0.15164312720298767,0.002568813523729452,0,0.0,0.9227015668869384,0.6842105263157895,0.7465465465465466,0.007275246867899664,0.00042675213893036956,0.003960373154641904
0.0043300483375787735,0.16121857464313505,0.24417278170585627,0.46103959739208256,0.49060473133623606,128,128,3d3cd44da6c8d94f2172,0.49173422157764435,0.04992158627357496,0,0.0390625,0.9257023663273664,0.8285714285714286,0.8285714285714286,0.0577372914281028,0.011693399889559239,0.028133283951974744
4.20184828726633e-05,0.010779588110744948,0.04220157712697982,0.11855723381042498,1.3958693861365388,128,128,3d696aea5e90940f0f85,1.5800307393074036,0.017693475660981672,0,0.0078125,0.83143075265089,0.36170212765957455,0.5368176538908247,0.1536977358372179,0.0038877971187954515,0.018025411519804576
7.946640835143626e-05,0.08380268216133116,0.12698605880141256,0.22309109389781953,0.2821233455538753,128,128,40a11064186f76a13eb6,0.2905459403991699,0.023709209791626884,0,0.015625,0.9288096299125711,0.8285714285714286,0.8285714285714286,0.01564965486042754,0.005854839261386448,0.014155649831237226
0.004627387970685959,0.10633414089679719,0.17828236967325192,0.28183948457241076,0.3524836091399196,128,128,427558f1540f9f15a1d6,0.361031711101532,0.034818873782752335,0,0.0234375,0.9342383923266276,0.8285714285714286,0.8285714285714286,0.028026299500761416,0.009359499581939809,0.024351219473607844
0.017160989344120026,0.10213000774383545,0.13187823295593237,0.30641441226005606,0.5343543354272853,128,128,4362be0e95f2264e40d3,0.5620546340942383,0.04314786004318982,0,0.046875,0.9256830383668619,0.8285714285714286,0.8285714285714286,0.02171470831651788,0.008681907897139053,0.01466343055654621
0.006206447258591652,0.1293950378894806,0.21949496716260894,0.4679220029711725,0.7637356806993499,128,128,43d24dea109fc2bee478,0.8057679533958435,0.049540251451390405,0,0.046875,0.9181382800868095,0.7777777777777779,0.8285714285714286,0.06620740203024625,0.017234277499400985,0.054232428394207735
0.006514533422887325,0.2137754499912262,0.28494485020637506,0.39421082615852354,0.52536560112238,128,128,4418047bdabefce010fe,0.5444138646125793,0.05567635012504396,0,0.078125,0.925764472455649,0.7914920634920636,0.8285714285714286,0.04901376656946824,0.015281161848328242,0.042654551396390336
0.0010036253370344639,0.09178636670112611,0.13278545439243297,0.22035164728760734,0.45768923275172835,128,128,446dceccf620daa17288,0.49068230390548706,0.028053636848327956,0,0.0078125,0.9282804968079736,0.7777777777777779,0.8285714285714286,0.031230808523892047,0.010031845093468763,0.02525588827845591
0.00020271419634809718,0.09707534611225126,0.1429476976394652,0.22708919167518626,0.30151384505629575,128,128,46fb24dbcef75f627480,0.3112066090106964,0.024502926812417447,0,0.015625,0.9175704809895987,0.7777777777777779,0.8285714285714286,0.015575493461520904,0.007818475153153905,0.0144666162592723
5.3643509545509e-07,0.019648923724889748,0.08677105903625486,0.20070246458053614,0.244743550181389,128,128,473cbdaf4c59655f87d1,0.24879658222198486,0.011006438913529815,0,0.015625,0.9081405650702846,0.7777777777777779,0.8285714285714286,0.007518277973871461,0.0030130858313651807,0.00599900078382532
6.973585186642595e-06,0.010543659701943394,0.047228959202766416,0.11287247389554986,13.108425543576548,128,128,4782b9784239087a6e8c,14.99807095527649,0.12262934918927132,0,0.015625,0.8584720001107432,0.43094949494949497,0.5746341463414635,0.4029863452805305,0.0013694846147117349,0.005634998832125674
6.7920409492217e-05,0.028602324426174153,0.06485171690583227,0.10434885382652283,0.3139433717727672,128,128,4b1e71db3e319a78014b,0.34439754486083984,0.011422142288778692,0,0.0078125,0.8707417996545952,0.5338443670150987,0.6143589743589744,0.01543732213822454,0.0038165849901485036,0.013889208159676002
4.172294950421929e-06,0.048634392581880084,0.10780782327055921,0.2050533939898015,0.21636746485531333,128,128,4bc38e4951d5c195ad83,0.2171647548675537,0.017442289487731022,0,0.0,0.9318802521008404,0.8285714285714286,0.8285714285714286,0.02262145079819989,0.005535461066628645,0.019147200354449702
0.0025127679109573364,0.09252055287361141,0.17589938342571243,0.23768444716930393,0.3796629139781006,128,128,4c4f4baf4e046e758479,0.4000518023967743,0.02959697285140328,0,0.015625,0.9283276209746798,0.8285714285714286,0.8473949579831933,0.04092988449197861,0.00843812557219602,0.022862888221751625
0.008237330242991447,0.13392468690872192,0.18294437974691372,0.4668169641494758,0.7697810484766974,128,128,4c7614fc3ab24132bdb1,0.8065161108970642,0.04625027036942975,0,0.0234375,0.909345785816374,0.7777777777777779,0.7777777777777779,0.08338737242643812,0.011951059288241956,0.02816602434597431
1.3768089957011398e-05,0.01779809296131133,0.0322694182395935,0.1006496286392213,0.14826286089420337,128,128,4c9209ac66e76ca9790d,0.15393531322479248,0.006823270047915775,0,0.0,0.8566226013425686,0.4979401993355481,0.6410256410256411,0.01736596358650945,0.0023082367683787647,0.009554004671468492
4.768365897689364e-07,0.004214523732662191,0.013060010224580728,0.06831073075532927,0.16843033683300065,128,128,4cb560834f71c085b803,0.1816854476928711,0.0038782050313620475,0,0.0078125,0.9001739469715476,0.6410256410256411,0.7465465465465466,0.0066617834997891355,0.0005352445586854504,0.0020166137302975846
0.0008988021872937679,0.048510587215423576,0.09640502333641024,0.215332740545273,0.44314268922805905,128,128,4dfde89039b9f1884bb5,0.474611759185791,0.0185218211592012,0,0.0078125,0.8302593532076619,0.25846153846153846,0.45454545454545453,0.013636688011214308,0.007143062609029655,0.013415363030849344
1.7820327229856048e-05,0.09455935955047606,0.12411911673843859,0.24374251455068613,0.27558724761009223,128,128,4f8347f6ca96783e69d3,0.2777208685874939,0.024144892844985,0,0.015625,0.9034526589286651,0.6965007112375533,0.7955555555555557,0.029220669486433114,0.010565835237769643,0.016158793848238904
0.001181209459900856,0.13499360755085937,0.20965439788997148,0.3017748534679415,0.5576889894828213,128,128,536de0e450d7da19125d,0.5930169746279716,0.04043245606123569,0,0.0078125,0.9188205226808168,0.8285714285714286,0.8285714285714286,0.10493782215850546,0.013844316895595577,0.02718046232608476
2.3841850804728892e-07,0.013262873888015746,0.022923834621906256,0.09314184486866009,0.13327310067415254,128,128,5398fc5df49b92c0e509,0.13792389631271362,0.004875528582231281,0,0.0,0.8573070408192002,0.4979401993355481,0.5609756097560976,0.005418883335434498,0.0014333611692921282,0.004362246989468642
0.002062520943582058,0.1204636394977569,0.23786132931709278,0.3155953010916713,0.935285954475406,128,128,554e6e4c62ef5419bb05,1.0226092338562012,0.04098241806715913,0,0.03125,0.9215033740769035,0.7777777777777779,0.8473949579831933,0.055777894346872164,0.014547661066922322,0.02347948372896096
5.620285446639173e-05,0.03834338784217835,0.1027013361454009,0.20298241972923298,0.2222405120134354,128,128,56850111c3b4ff2ddf28,0.22327256202697754,0.014725153477030684,0,0.0,0.8524395641345162,0.35733333333333334,0.6410256410256411,0.015248410682391179,0.006511751937572854,0.01281110666752694
4.7683691661859484e-07,0.008688969165086742,0.021435339003801332,0.06352132439613344,0.0808880033493043,128,128,58acfdb52b5feb9a194a,0.08327436447143555,0.003885482053265721,0,0.015625,0.864942342742171,0.47324675324675325,0.6143589743589744,0.009382097705595826,0.0027075982216067523,0.003734249046874002
0.007716680411249399,0.10289286375045775,0.18696145191788638,0.4356605601310735,0.508855113565922,128,128,58fa31051707ef2cb0c9,0.5146260261535645,0.042340854487863844,0,0.03125,0.9142973139296668,0.7427027027027027,0.8285714285714286,0.03146392393833984,0.009338359454301467,0.018504377714646948
0.01555517315864563,0.14972367882728577,0.2360177993774412,0.44273441225290333,0.5706005465686327,128,128,59428fed598f61849689,0.5858080387115479,0.05567731271794368,0,0.0390625,0.9086926803586076,0.5942490372272144,0.7777777777777779,0.031839814899430836,0.009641135310231119,0.024435221770644718
0.00040037739381659776,0.13789442181587216,0.2653445936739442,0.3651938265562059,0.7521187354326269,128,128,5b84452be308abfbbf02,0.8070120811462402,0.045884425126687334,0,0.046875,0.9149909984468808,0.7777777777777779,0.8285714285714286,0.04120112509386025,0.01201712563558776,0.0318721780035099
0.0004830487887375057,0.07542940154671668,0.11562881022691726,0.40540593922138213,0.4576323137581351,128,128,5d64b2baf04953769267,0.4651898443698883,0.03138887297940168,0,0.0390625,0.9225309820898057,0.7777777777777779,0.8285714285714286,0.07384249735301626,0.011462646979974093,0.052218769607729656
0.00016977491759462282,0.09507426917552946,0.172506084293127,0.422458427846432,0.5557679025828844,128,128,5df619af4fd1ad46c81f,0.5724495053291321,0.035567918177360935,0,0.0390625,0.9293133541295306,0.8285714285714286,0.8285714285714286,0.04247265126544113,0.007942051588154855,0.027157702686711707
4.1722884702721785e-07,0.01289044618606567,0.08734403252601622,0.15127913445234303,0.16702560171484954,128,128,6013deb8f43a8eb5014c,0.1689472496509552,0.009198730256702092,0,0.0078125,0.9178938242502485,0.6842105263157895,0.7777777777777779,0.008213705394850895,0.003588963822603158,0.0076692289820437225
3.576275275918306e-07,0.0029433563351631093,0.01247175447642802,0.06325954318046574,0.08539976990222942,128,128,668ec3c1c15cb02a4375,0.08821332454681396,0.002829289350619324,0,0.0,0.845084682627158,0.5338443670150987,0.6143589743589744,0.001380168436482795,0.00048513370801519953,0.0010846939994771454
2.3841818119763047e-07,0.019680905342102047,0.052601853758096506,0.10015001240153654,0.12072050677822345,128,128,674c6ea6cf764bec2057,0.12340044975280762,0.0074568227354163685,0,0.0,0.8491593752121795,0.46367864693446087,0.5609756097560976,0.03478585784135574,0.0017568765333964432,0.00537703844143818
3.57626959157642e-07,0.0070041630417108525,0.01737863719463342,0.12656170397996905,0.23932949170470297,128,128,6777c603c16881faf801,0.2555108070373535,0.005935775353720363,0,0.0,0.9023133204092013,0.6526855600539812,0.7297297297297297,0.009015637459161063,0.0010215191029338646,0.0038933909099371656
0.0011939366813749075,0.09424718320369717,0.17368643432855604,0.36347901433706303,0.5670164461135875,128,128,6acbef27347eccd07c24,0.594709038734436,0.03289383901041082,0,0.0234375,0.929123164417282,0.8285714285714286,0.8823529411764706,0.03420744811716532,0.015304784620429137,0.028093025105905348
2.2163003450259566e-05,0.011007525771856302,0.019036506861448282,0.0661519336700441,0.08147523069381718,128,128,6c82476bd3ee46b06d06,0.08226799964904785,0.003640138527290615,0,0.0,0.845240265462867,0.3996521739130435,0.5137833238797505,0.006282712053977954,0.001605140447597091,0.004873993675002565
4.768357655393629e-07,0.0022466715425252907,0.0066806902177631855,0.056859362572431724,0.0816328042745591,128,128,6cfe70e13bcbaa3c8111,0.08363902568817139,0.0020765250211375874,0,0.0078125,0.8638547792697476,0.47324675324675325,0.656140350877193,0.0025496823586166556,0.00020688392002263456,0.0011927490750343922
6.794743057980668e-06,0.016724678874015804,0.026765198260545693,0.07816937319934371,0.10828938524425046,128,128,6daffa590383c25fcd17,0.11239031702280045,0.005188178517444908,0,0.0,0.8413237577423813,0.3996521739130435,0.6,0.033778016712077565,0.0031790091065495036,0.009944286666747237
0.017377465963363647,0.11231677085161208,0.15812603235244743,0.3028649657964707,0.45362113219499667,128,128,7086e023532b893d4bae,0.474875807762146,0.044671041297461245,0,0.0625,0.9337418300653595,0.8285714285714286,0.8285714285714286,0.03253174623584476,0.008776107949671215,0.015751374694990064
0.0031148564303293824,0.17371226549148547,0.29143078029155717,0.47398573130369215,0.5049456274807453,128,128,71097911ce5b11ea1460,0.5068818926811218,0.05041117101810144,0,0.03125,0.9158541467364997,0.7914920634920636,0.8285714285714286,0.07276001726292036,0.023831838099139177,0.03911440681413601
2.980225275450721e-07,0.006376247107982631,0.02743237167596812,0.1210455638170244,0.14808760797977455,128,128,71a52be839a16d2f9be8,0.15026378631591797,0.005512915411788333,0,0.0,0.9038810699801412,0.5443809523809524,0.7297297297297297,0.004897939024585327,0.001409978591745207,0.0031423161832928644
0.0006108919042162597,0.11351092159748077,0.18349342346191386,0.2500115346908569,0.31906035865098276,128,128,72bd5bcb55602acf77d2,0.3291052058339119,0.031029293684875503,0,0.0234375,0.9410971585603939,0.8285714285714286,0.8473949579831933,0.058229559911170486,0.00745799124472881,0.025173995846957058
0.017458617687225342,0.1596368074417114,0.1932276129722595,0.26466858148574834,0.27838894051313406,128,128,76cfc0629d2bad7c20fb,0.2795972228050232,0.04680063773497112,0,0.0390625,0.9362428724561078,0.7564169884169885,0.8285714285714286,0.013652500696089233,0.007232792301710245,0.011448257505346567
3.3974518771628937e-06,0.01790043711662292,0.05619256198406218,0.1345687597990037,0.1513338530659676,128,128,774557917a3cbf84f6f9,0.15273666381835938,0.008132127125467181,0,0.0078125,0.8625018517074745,0.46367864693446087,0.6143589743589744,0.006504739791966611,0.003215942355694169,0.004967386673227233
0.008663439191877842,0.16396687030792237,0.20310011506080627,0.2654234178364277,0.27225210003554823,128,128,79e661ffad6284ba8475,0.27292436361312866,0.046229580570692264,0,0.0078125,0.9273706073338427,0.8285714285714286,0.8285714285714286,0.05017019409310161,0.008320106808643764,0.024196632813217395
5.930796032771468e-05,0.05626886039972301,0.08731099665164943,0.2771254974603653,0.4227288624644287,128,128,7a613643598c07a5fd54,0.4437243938446045,0.022526523136342236,0,0.03125,0.9339944927793226,0.7094736842105263,0.8823529411764706,0.016690538714800165,0.003590795200219856,0.009116022911498522
0.0038616368547081947,0.10420685410499572,0.15387929901480657,0.23717829108238228,0.259169332265854,128,128,7be132b0daecc07a766e,0.2615334987640381,0.03297024860173586,0,0.015625,0.9280326545032428,0.7914920634920636,0.8285714285714286,0.02316068443037598,0.009629752186832237,0.016573398745419816
0.011330027133226395,0.10893895030021666,0.12978260517120355,0.19058480203151706,0.24813255131244688,128,128,7c3ada951af1fb924874,0.2562410831451416,0.033945649914253195,0,0.0390625,0.9296411155001543,0.7914920634920636,0.8285714285714286,0.013071613940408736,0.00531595600888479,0.008766797102013613
7.253284502439783e-05,0.028227846696972838,0.04386715739965437,0.12005502462387088,0.13100498199462896,128,128,7fc84cfa5f84c9243cd0,0.13223552703857422,0.00916792597485333,0,0.0,0.7826760994567556,0.28,0.37206290471785386,0.01536912833308986,0.002370086850021727,0.012734613972533237
0.0029868916608393192,0.178254060447216,0.3146854832768439,0.3597278568148613,0.8653069424629238,128,128,7fd7e84c47c07f201203,0.9388229250907898,0.05198287853890782,0,0.0546875,0.9315470526867586,0.7777777777777779,0.8823529411764706,0.06197763480075916,0.01618490378823103,0.04260931693502777
0.003413283498957753,0.08791601657867432,0.13511093854904163,0.21121580481529253,0.45666082984209183,128,128,8039923b9c867d3902cb,0.4906945824623108,0.027423776775085784,0,0.03125,0.9216354723707665,0.7777777777777779,0.8285714285714286,0.03687463806157207,0.00429193608059372,0.008551676181594333
1.1920928244535389e-07,0.01646809428930282,0.056850399449467445,0.22427676796913182,0.2692541867196561,128,128,80da37d7496c38b8b538,0.2724795341491699,0.009856477032995359,0,0.015625,0.8940775816200569,0.6410256410256411,0.7001422475106687,0.013352254581542954,0.0020193615179614575,0.012305031268883538
0.005440109642222524,0.12511326819658275,0.18979223072528836,0.29593901813030277,0.4888235439658174,128,128,87b1b04483edc612ca02,0.513883113861084,0.038123739052755734,0,0.0390625,0.9274215367965368,0.8285714285714286,0.8285714285714286,0.03267498293662506,0.00996257812384908,0.01940149724095368
0.009252415969967842,0.18752392530441286,0.27388046085834494,0.4172286719083787,0.982178766310218,128,128,888143df5d12f0a0df95,1.063170075416565,0.056953158803325576,0,0.0390625,0.9038623086417205,0.7297297297297297,0.8285714285714286,0.1324017931967038,0.014462256586879548,0.021705981508062296
0.007060128264129162,0.1394130766391754,0.20379685610532752,0.38879962205886875,0.5390331788063056,128,128,8896c20ee2df2e8b3133,0.5576810836791992,0.0504831420731206,0,0.046875,0.9286170528817588,0.7777777777777779,0.8285714285714286,0.035903475734595625,0.01216432710650236,0.03176387394196838
4.2972667870344594e-05,0.06552796959877011,0.13090439531952125,0.23524142041802432,0.28743481558561346,128,128,894f267072dcab0b34ac,0.29239922761917114,0.019595696987518563,0,0.03125,0.9124452852394029,0.7427027027027027,0.7777777777777779,0.027862118731641884,0.005148315802581202,0.018297878293255066
4.768335202243179e-07,0.008824241161346433,0.02711730413138866,0.14599192932248162,0.1929735708236695,128,128,89c657cee2d0f5ecd548,0.19511854648590088,0.00565336173627079,0,0.0,0.8351620433961152,0.4883720930232558,0.5889931207004379,0.006173427128445773,0.0018039370989724798,0.0059470419254677494
0.002139074495062232,0.1040499210357666,0.21626836061477644,0.8140609604120257,2.2350418840646817,128,128,89cce66da1b940027e04,2.4404719471931458,0.060041585659204255,0,0.046875,0.9143194020032256,0.8285714285714286,0.8285714285714286,0.17657909240704145,0.015767396114056524,0.07144405069623037
0.00048054149374365807,0.11158670783042908,0.14402405172586433,0.21533320337533973,0.3086013964712624,128,128,8a8930f458afc16f1aeb,0.32000869512557983,0.02844783455226374,0,0.015625,0.9224431818181819,0.7777777777777779,0.8285714285714286,0.014198874838576726,0.007663288679852359,0.01321927840393554
0.013374406844377518,0.10688276290893553,0.18275764584541299,0.30098987638950375,0.46470732164383016,128,128,8ad829c001ab9d0b65a4,0.485781192779541,0.04225863947888209,0,0.03125,0.917409086894381,0.7914920634920636,0.8285714285714286,0.018385507624914775,0.0077820584471654745,0.011497989706993332
5.5717333452776074e-05,0.02922869026660918,0.05746788382530203,0.09831589341163642,0.12629373884201062,128,128,8b6644e969904471b868,0.129744291305542,0.008220327502121427,0,0.0078125,0.8179118865849978,0.32112896222318715,0.45454545454545453,0.009508767226609725,0.004059878867120676,0.007912056782714401
3.576274707484117e-07,0.010057506710290886,0.06013100296258918,0.23403636217117313,0.2750616642236712,128,128,8c73331b2db7c6325b81,0.28072309494018555,0.012145058740354098,0,0.0078125,0.9342217627144098,0.7777777777777779,0.8473949579831933,0.007680046282277539,0.001490178882799318,0.006215151064636408
3.3131003874586895e-05,0.025230197608470898,0.04987097978591916,0.11253479957580585,0.16195124661922472,128,128,8f69f039471770707b7e,0.16729629039764404,0.008880560979299956,0,0.0,0.8736982850687941,0.4979401993355481,0.6410256410256411,0.01356807454905547,0.005372005742604104,0.009495055856752874
1.3112965007167077e-06,0.016052955761551833,0.1264348536729812,0.35429373025894206,10.217191023271583,128,128,91589a2236c99c809d29,11.647870253771544,0.10412990440795311,0,0.015625,0.873166895359044,0.5338443670150987,0.6410256410256411,0.6722410501141007,0.0031771671045143445,0.017920758605064344
2.682108970475383e-06,0.003286996483802794,0.008939931169152255,0.041938796043395996,0.07117667138576522,128,128,9203185cf8ce51ba0207,0.07538115978240967,0.002004110975404594,0,0.0,0.883053725098815,0.5609756097560976,0.6842105263157895,0.005475493812428413,0.0005057481837929819,0.005075334105986841
0.00013609034067485482,0.1095353752374649,0.18530691862106324,0.38039027541875936,0.4669059343636037,128,128,92700be4ef3a5fb144b6,0.4701012372970581,0.03378002070635905,0,0.03125,0.9336582739156268,0.8285714285714286,0.8285714285714286,0.041097309669033216,0.01170047266006185,0.028883555913383478
2.3841854002171203e-07,0.006109725311398501,0.02444581687450409,0.05536564946174623,0.060131811432540434,128,128,9306b267ac782a242f77,0.060711853206157684,0.0034385744148293096,0,0.0078125,0.8475721536324308,0.48328159645232815,0.656140350877193,0.004383871090969525,0.001012137902474305,0.0019943286350184064
3.5762778693992914e-07,0.011676881462335576,0.0594589591026304,0.16218518972396867,0.20385946458578127,128,128,931236a06351a1187146,0.2084764838218689,0.008191827316702482,0,0.0078125,0.8792316928505698,0.41751263902932256,0.6842105263157895,0.012370603932137816,0.004213808037537814,0.006645614152859126
2.384182948844682e-07,0.011890322715044017,0.03911167085170741,0.09272503554821018,0.09842477798461916,128,128,935550ec827032dc1d9a,0.09887230396270752,0.005201140492790968,0,0.0078125,0.9155315576271459,0.7297297297297297,0.7955555555555557,0.006544254762780489,0.0011970231856228235,0.005268143974542241
0.00043311975605320185,0.0974037319421768,0.12832684591412538,0.3224539974331858,0.4823881849944599,128,128,9356bffe6da623595956,0.5033954381942749,0.027410666437675257,0,0.0234375,0.9274512456497751,0.8285714285714286,0.8285714285714286,0.02788687086862647,0.013291910574635774,0.02330981110934961
0.0016620578244328499,0.10902020931243897,0.15536771416664125,0.31201541036367436,0.741368125587704,128,128,947789fbb93449f1b608,0.802075982093811,0.03430291284692144,0,0.015625,0.9261458770649947,0.7914920634920636,0.8285714285714286,0.03739006751478167,0.008486199329135193,0.03292575869403899
8.940660336520523e-07,0.0065691373834852115,0.016098263487219783,0.03007312342524529,0.16021898278594085,128,128,965e728be3dff0fbc467,0.17907658219337463,0.003285496421249312,0,0.0,0.798794778051065,0.34099290780141844,0.43353535353535355,0.007045408287637258,0.0007910033941104361,0.00534039689454087
0.0010096367914229631,0.0869674742221832,0.14735766761004918,0.3259657865762713,0.3693471284210683,128,128,9749c29ecbdf8c66383f,0.3735460340976715,0.030229207972483962,0,0.0078125,0.918882098293863,0.7777777777777779,0.8285714285714286,0.029496193853341023,0.010669854449484284,0.02625655157395049
0.00027778377989307046,0.09182831496000285,0.18029703497886612,0.37850836217403444,0.4168297400474549,128,128,9931c4a5c4ecb1504a26,0.41935205459594727,0.03356197241102138,0,0.03125,0.912230801697286,0.7427027027027027,0.7777777777777779,0.03533329547868678,0.010695888328521874,0.018852784804300693
0.021201860159635544,0.11997842788696286,0.18204890489578246,0.2894462513923649,0.3964251848459248,128,128,996641191bc8907bbda6,0.4079456329345703,0.0443985689336186,0,0.0703125,0.9181905358375947,0.7427027027027027,0.8285714285714286,0.01921606618438724,0.006483609833735689,0.016741677975699608
9.536665857012849e-07,0.0055570248514413756,0.10430411994457234,0.1633960995078087,0.520782343149187,128,128,9a6303f1549d542c1801,0.5725053548812866,0.013822619763256772,0,0.0078125,0.914699115523959,0.6227368421052631,0.8285714285714286,0.018803033399110856,0.00380948808450286,0.01015137448471598
0.00342678464949131,0.1638750046491622,0.26575573086738585,0.6168843352794652,0.7499584850668913,128,128,9b3fc3e439e258cb16a7,0.7648317217826843,0.05673201343400891,0,0.0546875,0.9146103179191415,0.7427027027027027,0.8285714285714286,0.07175643089909643,0.016718003172422384,0.04663975040247183
7.185905633377843e-05,0.06547213606536388,0.13506340682506557,0.2511713594943289,1.199931794606154,128,128,9d0138a8e3e579ef5d0a,1.3342962265014648,0.028387012804677425,0,0.0078125,0.9354658209437622,0.8285714285714286,0.8823529411764706,0.09820173598924906,0.005681336524795217,0.030681070443094784
0.0011811458971351385,0.10036339163780211,0.2500171169638631,0.3934408074617388,0.43936186677217504,128,128,9e16629760a34318461b,0.4439772963523865,0.03889042771656126,0,0.0234375,0.9178589996604702,0.8285714285714286,0.8285714285714286,0.023135121222014415,0.015714883182857575,0.02193281116043591
1.1920797113873505e-06,0.007769379019737234,0.02904729470610618,0.06331168115139008,1.287628070771707,128,128,9f1165575d2a3ffd7d23,1.4656765460968089,0.014732829956623006,0,0.0,0.8065438359302487,0.313469387755102,0.45454545454545453,0.3944770439078221,0.0010263946581224616,0.008005297998891239
0.0019225869327783585,0.0980416566133499,0.13996089398860928,0.224913698732853,0.290089452773333,128,128,a21e7541ee67e9b42e03,0.2991676330566406,0.030247186209309995,0,0.0234375,0.9186072555557849,0.7777777777777779,0.8285714285714286,0.024320705641399938,0.007774090571481182,0.020316107992667604
0.007248938083648682,0.123426866531372,0.24351273775100707,0.3011875510215761,0.31534415042400366,128,128,a2aa3c4ce5d485896306,0.31582605838775635,0.04377978716911013,0,0.0390625,0.9104734317969613,0.7777777777777779,0.8285714285714286,0.028264009031952766,0.01148217770593482,0.020113241502047734
6.728141852363478e-05,0.12623134776949874,0.19715676009654975,0.31796171545982377,0.3697348092794421,128,128,a6b5caa85856ba69deb4,0.3758833408355713,0.03525315512308269,0,0.015625,0.91904095176154,0.8285714285714286,0.8285714285714286,0.041734933682928174,0.01280354587868478,0.02885735731123651
0.00033088456257246435,0.08178393840789794,0.17380953133106194,0.32193882018327746,0.3910900170207026,128,128,a7db88d1d36b0d32f1fe,0.3981183171272278,0.028642424458517834,0,0.0390625,0.9283942364824718,0.8285714285714286,0.8285714285714286,0.021591258343000276,0.008192915210691615,0.019571048113315767
0.009959205985069275,0.11723791360855103,0.1674958914518354,0.3743491007387638,0.7095871537774819,128,128,a9b33a97d1e88d15b4a3,0.7583302855491638,0.04458495085153363,0,0.078125,0.9354156056361939,0.7914920634920636,0.8823529411764706,0.06565194266872297,0.00838812349790622,0.05297500288147601
0.02187000960111618,0.12450366020202637,0.14896788299083707,0.21399889588356044,0.35206757259368965,128,128,aca78f5a4df13d472fad,0.36976683139801025,0.04492551741589246,0,0.0390625,0.9230607573970577,0.7914920634920636,0.8285714285714286,0.022440463496392695,0.008506287988673679,0.01667143770306992
1.1920923270736239e-07,0.010318983718752854,0.053235828876495354,0.10185791790485388,0.1784894099831585,128,128,adab4f812dda201a701a,0.18901705741882324,0.006654360234384149,0,0.0078125,0.8848118979445435,0.6110769230769231,0.7001422475106687,0.0044287209128228994,0.0018433611347478452,0.0042645341008857255
1.1920900533368695e-06,0.003700650203973055,0.013603576272726053,0.037020967915359526,0.05498364228264299,128,128,ae18eb3ef38364a72177,0.057414233684539795,0.002104068739650633,0,0.0,0.8597617635231949,0.4270807453416149,0.656140350877193,0.012965988655292256,0.0007446933365298316,0.006697443448916976
1.1920927533992653e-07,0.019355064630508397,0.08518589437007894,0.1243870663642884,0.14206597161293036,128,128,aebfa5b6518e3f254ef3,0.14397358894348145,0.009034113863475357,0,0.0,0.873422078282665,0.43094949494949497,0.6410256410256411,0.00744210121332812,0.0016563775142912614,0.00439077946052617
0.00015547755174338818,0.08771301507949829,0.13225725293159468,0.19656393408775333,0.3740147851705561,128,128,b02a6fd30fe4573366fc,0.39947354793548584,0.023613064030367836,0,0.015625,0.9163535248094071,0.6410256410256411,0.7777777777777779,0.014402389250550929,0.005544964738362799,0.009879133857949982
1.1920923270736239e-07,0.0027547411620616746,0.049486947059631234,0.11471873225586038,0.21400379673164618,128,128,b1902038a7ef37ed4fc4,0.22704792022705078,0.0066157530081167315,0,0.0,0.8448239873552983,0.46367864693446087,0.5746341463414635,0.040296049841264364,0.0012286046103776422,0.009433705219591146
0.008479484356939793,0.18833280652761458,0.255818286538124,0.46175003767013556,0.5342962073087696,128,128,b204a181e3e00826a19e,0.5446114540100098,0.059082983220317686,0,0.0546875,0.9218311966473731,0.7777777777777779,0.8285714285714286,0.10872098791242336,0.018621554498478677,0.03145656791043657
0.00035029661739827134,0.07220549285411834,0.10885322075337164,0.291489793658257,0.6712763798236866,128,128,b4fdda7dabad8e1e132f,0.7221517264842987,0.025729807768376134,0,0.03125,0.9308799656226127,0.7777777777777779,0.8285714285714286,0.08453527137423902,0.007689394451031577,0.023999523841598144
0.0035300878807902336,0.0815704971551895,0.08984129428863523,0.3424641513824475,0.5135416334271435,128,128,b50e0e831fd0bd10c726,0.5262568593025208,0.025599823270463062,0,0.0,0.9015269526676346,0.5338443670150987,0.7297297297297297,0.0647330416114509,0.007826785377267022,0.021315693305065164
0.007761068642139435,0.11313996016979216,0.17048154175281505,0.2502134507894517,0.30928768706321746,128,128,b56ae2de0afa2666ca79,0.3169565200805664,0.036048909194550616,0,0.0390625,0.9318665145484031,0.8285714285714286,0.8285714285714286,0.011837946784761761,0.005946909831397956,0.008701192678159957
4.649129095923854e-06,0.016633126139640807,0.033618572796694876,0.11018140658736253,0.19870392730832137,128,128,b779970d705fdc72ddd4,0.2091454267501831,0.007276754975053645,0,0.0,0.801789849618512,0.2440615384615385,0.39419729206963255,0.043202623808329545,0.0022092296298905204,0.02037834359862264
0.0326896607875824,0.10012997984886166,0.1442200660705566,0.1861164927482605,0.2540941898822788,128,128,b89bd85ff4224e2713fa,0.26370930671691895,0.04309163306337904,0,0.0234375,0.9255074019779902,0.7777777777777779,0.8285714285714286,0.01681594165554981,0.008154015991055846,0.014127674763722672
0.0007151853642426431,0.07540780007839203,0.11475155651569352,0.31536821350455346,0.39071159482002277,128,128,b8b5a91b247b8f7e8b2b,0.39549827575683594,0.02376744886150839,0,0.0234375,0.9258132798573975,0.8285714285714286,0.8473949579831933,0.0213404180608968,0.004666413584424921,0.017308115335807072
0.0008789696730673313,0.11415722668170929,0.19496057927608484,0.35209510385990167,0.41111776956915874,128,128,b9786ce66ce04e5dc25a,0.41710808873176575,0.034118536977003955,0,0.0,0.9346399923605806,0.8285714285714286,0.8285714285714286,0.05231796856065385,0.00733382276171439,0.036801686746614576
0.0003379944682819769,0.06879153624176973,0.11728987768292426,0.19573733031749727,0.20580600526928908,128,128,bac8931bb96bead1718b,0.20711040496826172,0.020306991729197366,0,0.015625,0.9220646591970122,0.8285714285714286,0.8285714285714286,0.02767270809441323,0.0076565381816479,0.01265597991582517
6.504556949948892e-05,0.07340910434722898,0.12792483866214746,0.17837325870990767,0.28665744090080314,128,128,bc49f7c3c4e5bbaf4820,0.30105024576187134,0.01942824575390506,0,0.015625,0.9166363914525679,0.7777777777777779,0.8285714285714286,0.020223037831740474,0.005569271612664905,0.015072409537209707
2.980220727977212e-07,0.008786356449127196,0.020181200653314548,0.04748578637838364,0.11103726142644917,128,128,bd74d2b1f175935afa85,0.12027999758720398,0.0035173999635000897,0,0.0,0.842594756489969,0.391304347826087,0.5609756097560976,0.006256220705225836,0.0012737812223450498,0.0033816656706452146
4.768354529005592e-07,0.010944645479321467,0.03677211999893186,0.13578966856002808,0.18951416438818006,128,128,bedf97d883a8ffdb2f9a,0.1972847580909729,0.007238276479522077,0,0.0078125,0.9358250917074447,0.7564169884169885,0.8285714285714286,0.008975312641002705,0.0015481800847583337,0.005371417678320758
1.7881358971294503e-07,0.008923707529902451,0.031834623217582694,0.08812577486038221,0.12276762115955367,128,128,bfb01adcfe0e136fb6ba,0.1264270544052124,0.0046181018520738415,0,0.0,0.9075449339212479,0.6110769230769231,0.8285714285714286,0.010107697419437713,0.0011133737622219374,0.0043061169862941215
0.006856970489025116,0.07699345350265502,0.11065164953470225,0.20509742736816422,0.318351336240769,128,128,c09cc454c37cd68fb6d9,0.3334658145904541,0.027307999771965963,0,0.015625,0.8852532997055308,0.391304347826087,0.656140350877193,0.027527303975748263,0.010749426713808102,0.023490856830176154
0.002180013805627823,0.022025214135646818,0.041876667737960796,0.06655696153640747,0.08042103707790382,128,128,c0e27e693b032f42297d,0.0823594331741333,0.007766520087898243,0,0.0,0.9553531639928698,0.8823529411764706,0.8823529411764706,0.0017909276191346427,0.0006090442126095654,0.0015125116675929623
0.0018729669973254204,0.008829730376601218,0.02293100319802761,0.06966333955526366,0.0892877545356751,128,128,c36ab0f8ca7e28a29d4d,0.09076786041259766,0.005337331091141095,0,0.0,0.9256042568542568,0.8285714285714286,0.8285714285714286,0.0038247331310546943,0.0009027956606117433,0.0017322645521861916
5.0661851673794445e-06,0.022973726689815503,0.06477299928665149,0.17049790501594547,0.17717015367746355,128,128,c4062c562891d02435ca,0.1778133511543274,0.009959310237128927,0,0.0,0.8364373378182146,0.3780425531914894,0.5007751937984497,0.004112195488921619,0.0020268448073186324,0.003174638318974779
1.1920926112907182e-07,0.044748295843601224,0.07894265800714487,0.16200312018394475,0.2140781223773959,128,128,c75c6e1638e89a6176aa,0.22114300727844238,0.011301619762702886,0,0.0078125,0.8357620972598244,0.4883720930232558,0.5368176538908247,0.03021452783401614,0.006907033558240427,0.013032537506233623
1.7881376024320161e-07,0.012494353204965586,0.02406781911849972,0.11556498885154738,0.15965437513589878,128,128,c7861826e401957015c5,0.1647258996963501,0.005716585456724044,0,0.0,0.8714742422332018,0.5338443670150987,0.6410256410256411,0.007777980804999699,0.0008628263053418303,0.003969146804354276
1.1920927533992653e-07,0.012855494022369372,0.0806570589542387,0.10976805090904239,0.1380116710662843,128,128,c7edc7c587e8e70ae734,0.14188885688781738,0.007427626742648796,0,0.0078125,0.918504253575848,0.6526855600539812,0.7955555555555557,0.003774834800241146,0.0013307441722001177,0.0026580047726701304
1.1920923270736239e-07,0.034457504749298075,0.08878509402275059,0.3230760121345525,0.38369150662794727,128,128,cbbaf01f8d9698145a16,0.3878779150545597,0.01492910657651686,0,0.0078125,0.8579349381487625,0.5238095238095238,0.6410256410256411,0.11781085991094131,0.003726486477230375,0.008362595058956722
0.0008563214214518666,0.08891858421266079,0.1179699830710886,0.26777045086026197,0.41752083715796545,128,128,cbc17d7de4f012a625be,0.43906840682029724,0.025789803487360485,0,0.0078125,0.9294587153043036,0.7777777777777779,0.8285714285714286,0.029845580383456607,0.009460290253666948,0.022086196799582288
0.0,0.09906649291515349,0.1848771095275878,0.6601609474420553,0.7736410416364674,128,128,cc8a87421f634a1d75a0,0.7848117351531982,0.03739621971418777,0,0.03125,0.9353046921061627,0.7777777777777779,0.8473949579831933,0.06187885982848334,0.009332287235487558,0.04093153934129
0.001660864450968802,0.11062781065702437,0.15253082066774362,0.3924703830480581,0.6080964836478243,128,128,cda6c84d555e3c6449ae,0.6341860294342041,0.03574387138849783,0,0.0234375,0.9109002871483521,0.7777777777777779,0.8285714285714286,0.06394328594147983,0.01006755917085008,0.027735445825126586
5.9604616353681195e-08,0.006856953352689741,0.01951785981655119,0.06909197866916666,0.09345214051008234,128,128,cdc659006853563a4dfe,0.09608596563339233,0.003361511008425855,0,0.0,0.8457366881868242,0.46367864693446087,0.6410256410256411,0.006911949118180356,0.0009300304209683717,0.004181432866751484
0.00030821671680314466,0.07638185247778892,0.11820342689752573,0.27199290573597007,0.35946252638101606,128,128,ce5f5d795624bb0be26b,0.36709070205688477,0.021471748749135544,0,0.0234375,0.9232609352094646,0.8285714285714286,0.8823529411764706,0.020201642276454705,0.005729765739336912,0.017058637678494887
0.0019563864916563034,0.08829051144421099,0.11837249249219892,0.2583828133344654,0.8743085641860994,128,128,d01ade66f802d41e4b91,0.9606282711029053,0.03326123052101465,0,0.0078125,0.9314965059450354,0.8285714285714286,0.8285714285714286,0.05488911362780166,0.009500891176299516,0.027222448288176018
6.556500693477574e-07,0.09810582697391508,0.1538007646799085,0.5652372297644622,1.3144181770980397,128,128,d8b09c3c7d87562a1319,1.416963815689087,0.038416418498270266,0,0.0234375,0.9270464825224888,0.7427027027027027,0.8285714285714286,0.12352690413735348,0.01393767623390844,0.10843595518412791
0.031181296333670616,0.1541417121887207,0.22027618885040262,0.48221997678279904,0.9054327355027221,128,128,da187bcffc08d8df596e,0.9638688564300537,0.06832256258962272,0,0.0703125,0.916357605695841,0.8285714285714286,0.8285714285714286,0.09151099721120468,0.01443188267716056,0.0419230210907284
7.152528951337445e-07,0.03275366127490995,0.06699859201908097,0.12356409668922427,0.13498028099536902,128,128,da58948177e1cf8654f5,0.13632172346115112,0.009031528165650116,0,0.0078125,0.8504696009066243,0.45454545454545453,0.5609756097560976,0.035389649083644614,0.0018261217371884182,0.008114118650569095
0.00613248348236084,0.10156533718109131,0.1864857137203215,0.2845480531454088,0.36171213001012836,128,128,dab696e6f79ee4d1e78d,0.3712295889854431,0.034378551893067266,0,0.015625,0.9197346004331298,0.7777777777777779,0.8285714285714286,0.04353716766686466,0.010259196293570768,0.01756507888440581
0.005319898948073387,0.1307345390319824,0.19394020140171048,0.254704379439354,0.25929320776462556,128,128,dba2fe2ed58b228c5e6f,0.25955283641815186,0.038021613799759824,0,0.0078125,0.921127962855904,0.7564169884169885,0.8285714285714286,0.04744204356701226,0.008371905215676066,0.016194165940914707
0.0024428541655652225,0.1193935990333557,0.15602260231971737,0.254292744100094,0.5677086427211777,128,128,dd6fb356579d9e180ee8,0.6114089488983154,0.036928682149992675,0,0.0390625,0.9251448306595366,0.8285714285714286,0.8473949579831933,0.045148645694371214,0.007171970739388729,0.022935867538321084
0.009553611278533936,0.17038421630859374,0.22459029704332348,0.37134025335311927,0.6980657306909577,128,128,ddcd86dc11c762f9930c,0.7418539524078369,0.057406986897413526,0,0.046875,0.911830208666509,0.7297297297297297,0.8285714285714286,0.0889741961447704,0.017010914567011898,0.04863815985959973
0.0012342892587184906,0.09340742230415343,0.14411005228757856,0.20583966895937936,0.2845934126526121,128,128,de6558a7fee68d77a77e,0.29459428787231445,0.024392632810525727,0,0.0078125,0.9252419149477973,0.8285714285714286,0.8285714285714286,0.02083855938772678,0.007337311766834916,0.015555670267110624
0.001183891436085105,0.10464509427547453,0.14637985676527004,0.2413805539906026,0.26068894641101364,128,128,deac53e4c4eed71e15c7,0.26246365904808044,0.028447357985298294,0,0.0078125,0.9380220269926153,0.8285714285714286,0.8823529411764706,0.035958635252554765,0.006938480735381251,0.017270865051960755
0.0020057586953043938,0.03637538552284239,0.07461054921150194,0.18439288854599037,0.2738464689254764,128,128,df1ae758c63b2eba25b6,0.2831900119781494,0.013540172074499424,0,0.0078125,0.9025082960357729,0.7427027027027027,0.7955555555555557,0.017775766582460356,0.0061951111545818695,0.01453587571021904
0.0016470453701913357,0.09332371950149536,0.1450662583112716,0.28101164221763647,26.687822622597356,128,128,df226192fce797341902,30.525996267795563,0.2641538630303811,0,0.0234375,0.879275168769616,0.46367864693446087,0.6842105263157895,0.3109852672012846,0.00877427064095838,0.04366885660097782
0.0005026445433031768,0.11279278397560119,0.21743456125259392,0.4539016294479376,0.6098741588890559,128,128,df2d1e9365fc9a5a3612,0.6269116401672363,0.039716368414569714,0,0.0546875,0.9183266488413547,0.8285714285714286,0.8285714285714286,0.05779643962067545,0.01544026517100019,0.031211679313387922
2.384183268588913e-07,0.0238708198070526,0.1026587307453155,0.4019271665811552,0.8943482590913794,128,128,dff423d9704a840dcff3,0.9529756307601929,0.01900487777610632,0,0.03125,0.8961273472945885,0.5715121951219513,0.7001422475106687,0.03391961121441986,0.001807611095588192,0.02461775727191043
2.8608938009710982e-06,0.006013734638690948,0.046982905268668815,0.24034764647483864,1.6631849556863383,128,128,e0d75043b913539245dd,1.866292119026184,0.021013301652240024,0,0.0078125,0.9316476770133891,0.723187969924812,0.8823529411764706,0.23510103805781257,0.0016492839513288008,0.030509079772996817
0.0012234653695486486,0.07845267206430434,0.14454177916049946,0.2505438813567162,0.3667077343463904,128,128,e1106e26e88b26e43da4,0.38327282667160034,0.026828308959391756,0,0.0078125,0.9270436005343127,0.7914920634920636,0.8285714285714286,0.018488019396499203,0.007317494636734903,0.0145119068323201
0.014368250966072083,0.13046653866767882,0.15729525983333584,0.21689691215753562,0.40722627609968287,128,128,e32f92840a7a4de12de8,0.4343845248222351,0.042639991287110934,0,0.046875,0.9174804770393006,0.7777777777777779,0.8285714285714286,0.052401252182464386,0.009786886105108914,0.01903842203559751
0.00017692862820695154,0.06892813146114349,0.11455767154693597,0.31714790105819746,0.6227423220872894,128,128,e4319382c84d12785440,0.6627990007400513,0.025197879111909183,0,0.03125,0.925776638460462,0.7914920634920636,0.8285714285714286,0.04637196599592665,0.006640683845303118,0.019656439402785667
3.671499507618137e-05,0.10833431184291839,0.25267200917005506,0.3683428210020068,0.4273161879777911,128,128,e5ffaee275e5ce46097d,0.43333327770233154,0.03337153256169323,0,0.015625,0.9305112575333164,0.7914920634920636,0.8823529411764706,0.02877496823361147,0.015925812364937775,0.028468309383631644
0.001029659528285265,0.12305203080177304,0.25136565268039684,0.44486606180667876,4.242653874816393,128,128,e6e6915439026caf5b7f,4.795000957325101,0.07524000666253433,0,0.046875,0.9301210635769459,0.8285714285714286,0.8285714285714286,0.6101212097281237,0.01569115254729215,0.031113599599382098
1.1920928244535389e-07,0.03369266390800476,0.08680774867534637,0.1345252516865731,0.3981185824871077,128,128,e7be21945ca0ad81fcf8,0.43574440479278564,0.01368517663371166,0,0.0,0.9342532109076227,0.7914920634920636,0.8473949579831933,0.02840918204740436,0.004441253704320627,0.00617448222967395
3.9813906369090546e-05,0.10481846928596494,0.2639896750450131,0.4804202842712406,3.6827440229281954,128,128,e943331ec9c151e75ca0,4.1447439417243,0.06670631146702027,0,0.03125,0.9208823343014519,0.7427027027027027,0.8285714285714286,0.5445732859476338,0.01669525782747425,0.06016403516196868
0.0001983958063647151,0.09266185760498044,0.12964319884777067,0.23012445092201236,0.30934369641542475,128,128,ead575033d25c448fe3d,0.3204348087310791,0.02261526533311531,0,0.0234375,0.8899409681471534,0.6410256410256411,0.7465465465465466,0.015700825910051737,0.0062837328076596425,0.012839019486854921
1.3113001102738053e-06,0.022558637708425512,0.05289320051670074,0.157533272355795,0.18877695710957063,128,128,ed0e956b8ef0dba85379,0.1921873688697815,0.009538486990359474,0,0.0,0.924402165172289,0.7777777777777779,0.8285714285714286,0.01143787785542244,0.0031634745249441345,0.006341349401269142
0.0019688010215759277,0.09374085664749143,0.1787440478801727,0.28836472928524026,0.3802799144983296,128,128,f2ec140de4bf39a8be01,0.3929157257080078,0.03230595316551882,0,0.03125,0.9285730201171378,0.8285714285714286,0.8823529411764706,0.02300300676768128,0.009738077478422435,0.015466464079823466
0.005151664838194847,0.10896707177162168,0.1511280171573162,0.22820926040411,0.2693894417881968,128,128,f3007c807c021e4181b1,0.27502334117889404,0.03341727137586048,0,0.0,0.9311003947033359,0.8285714285714286,0.8285714285714286,0.016963380787258557,0.009394270881754358,0.014241159004005126
0.018442725762724876,0.1315418317914009,0.22303841412067404,0.34416242867708213,0.4927659946680077,128,128,f30e6072f963aa16e457,0.5136026740074158,0.04958067036493241,0,0.03125,0.9062279836176895,0.7777777777777779,0.8285714285714286,0.04417011360455337,0.016106470168337526,0.026317743543715414
0.02007151022553444,0.1263046622276306,0.14506554752588272,0.26922851294279126,0.3013264800608159,128,128,f30ea4e58acf7b58a81a,0.3033182621002197,0.04521551627641884,0,0.03125,0.9201688271541213,0.7914920634920636,0.8285714285714286,0.02562025644562134,0.010761537940166752,0.019893620366736562
0.00023660087026655674,0.08657568097114562,0.1246728062629697,0.21170703262090695,0.39376315128803346,128,128,f38a2468494a6f425aeb,0.41883546113967896,0.02278481004124633,0,0.0234375,0.9359816653934301,0.8285714285714286,0.8823529411764706,0.017062829155921905,0.005770526434785667,0.012480825092689555
0.00016255828086286783,0.03586934804916379,0.05918154716491697,0.1150383073091508,0.13203334903717048,128,128,f400d08071f93553a17e,0.13350939750671387,0.010485644560993768,0,0.0234375,0.8567583642059309,0.5238095238095238,0.6143589743589744,0.01707205464715806,0.0049471152625172885,0.010364481450700642
0.013830526266247034,0.14472846686840057,0.2458582550287246,0.40233365237712876,0.45620747053623223,128,128,f5bcada5dcb51b67ec63,0.4626019597053528,0.053740610399180655,0,0.046875,0.9163640077243018,0.7914920634920636,0.8285714285714286,0.0389950364253608,0.012646333136796337,0.03348164593048532
0.01974518597126007,0.14194482564926147,0.20421390831470487,0.35047879338264476,0.4039282860755923,128,128,f7b04a9eb798f66c1982,0.41088831424713135,0.05158450304052309,0,0.0546875,0.9397623822256176,0.8285714285714286,0.8285714285714286,0.025996290039752727,0.01104014642497638,0.017280450273533168
0.008159012533724308,0.14997718930244444,0.19160861074924462,0.29034113854169863,0.3280833953022958,128,128,fa111523ee0fd797981c,0.3320854902267456,0.04331494893404908,0,0.046875,0.9135764154146507,0.7914920634920636,0.8285714285714286,0.04430800079640375,0.013437180326265494,0.025010638639633875
0.0042236074805259705,0.07324601411819458,0.09801649153232572,0.215956339836121,0.7584415041208296,128,128,fad7a7bed044b720b4b1,0.8336920738220215,0.02756480223993385,0,0.0234375,0.9154490521750583,0.6526855600539812,0.7955555555555557,0.02571034954129729,0.004058970991930455,0.012896250596787283
4.189408355159685e-05,0.10596389770507805,0.19043605774641018,0.32852486461401026,0.4387838840782647,128,128,fae20e539be49390c497,0.45075905323028564,0.0307090440029687,0,0.015625,0.9033984746833045,0.6965007112375533,0.7777777777777779,0.03214102219053984,0.009843147882946272,0.015247167663533992
2.3245644342750893e-06,0.002118474431335924,0.00870333313941955,0.17208680421114025,0.5351574630737321,128,128,fc774f13ffed5a3f9d24,0.5823007822036743,0.007634411827703413,0,0.0,0.8342859002231523,0.3020595744680852,0.4883720930232558,0.043752293274704646,0.00030281397527880057,0.007608063804575374
8.105881533992942e-06,0.0015804696828126893,0.0042036132887005775,0.037698095291852966,0.055422002241015525,128,128,ff2d36168a506c775b7f,0.057868003845214844,0.0015947197631501764,0,0.0,0.8134444808082808,0.3333333333333333,0.4883720930232558,0.009139421799051889,0.000336260010373895,0.0023736538499968176
