group,verdict,reason,count,finite_count,mean_abs_logprob_diff,abs_logprob_diff_p50,abs_logprob_diff_p90,abs_logprob_diff_p95,abs_logprob_diff_p99,rank_delta_nonzero_rate,topk_jaccard_mean,topk_jaccard_p05,union_js_p95,union_js_p99,missing_selected_count,accept_failures,reject_hits
00948d836971f053bbf9,PASS_PROVISIONAL,single sample matches the BF16 dense fingerprint,128,128,0.013389102502940453,0.0006357764359563589,0.041455101966857894,0.07300597429275507,0.11606474578380586,0.0,0.9778019162210334,0.9393939393939394,0.0013571743952772372,0.00264958498009604,0,,
078441dc63cb2e4b07bd,PASS_PROVISIONAL,single sample matches the BF16 dense fingerprint,128,128,0.0017701460988591156,5.364409503272327e-07,0.0028783056885004037,0.008529613912105553,0.03929358005523691,0.0,0.9426214811991719,0.7955555555555557,0.00012364231565189655,0.0005396239661693857,0,,
081f312c80bb99972dbd,PASS_PROVISIONAL,single sample matches the BF16 dense fingerprint,128,128,0.013707160258547901,0.0011548995971679688,0.03815642595291137,0.06179669499397276,0.1328344887495041,0.0078125,0.9788045900178249,0.9393939393939394,0.00154425431890578,0.00346042540816645,0,,
0848a18636674f51559d,PASS_PROVISIONAL,single sample matches the BF16 dense fingerprint,128,128,0.00934442392783641,2.2643587271886645e-06,0.03172492831945419,0.07582990042865255,0.11557860732078552,0.015625,0.9806706773618534,0.9393939393939394,0.001820766780442256,0.0020674927760120894,0,,
08a516ed65ded1d98939,PASS_PROVISIONAL,single sample matches the BF16 dense fingerprint,128,128,0.016922056520229045,0.0067449938505887985,0.04741762280464172,0.060625180602073635,0.07155454874038697,0.0078125,0.9741230583142342,0.9393939393939394,0.0007219164728384344,0.0015278042754035346,0,,
0a1d8a7c087c9dc3d2cd,PASS_PROVISIONAL,single sample matches the BF16 dense fingerprint,128,128,0.015364830710536737,0.005003863014280796,0.04631761312484738,0.06479098200798034,0.08498320102691653,0.015625,0.9793035395976566,0.9393939393939394,0.002093267069095967,0.009760098316678368,0,,
0a95e425e4dd7a02f20c,PASS_PROVISIONAL,single sample matches the BF16 dense fingerprint,128,128,0.009169662593048855,5.978572880849242e-05,0.03961497843265532,0.056771726906299586,0.09791211426258092,0.0,0.9834558823529408,0.9393939393939394,0.0012976618104578227,0.00185155109778568,0,,
0aa6cfc00ab1dd402f7e,PASS_PROVISIONAL,single sample matches the BF16 dense fingerprint,128,128,0.003134065118032492,5.535417585633695e-06,0.005639588832855224,0.01807587295770643,0.05299830913543705,0.0,0.9589813218489678,0.8823529411764706,0.00048567297935899205,0.00390876708916792,0,,
0b78fd794493c2fce383,PASS_PROVISIONAL,single sample matches the BF16 dense fingerprint,128,128,0.009849641860086522,1.0013081919169053e-05,0.04565287232398987,0.05942507088184356,0.09609995186328892,0.0,0.9797515597147946,0.9393939393939394,0.0014141516959055743,0.002768841075342662,0,,
0c1b0aa5f7b49771176d,PASS_PROVISIONAL,single sample matches the BF16 dense fingerprint,128,128,0.00028469568729000416,2.384149411227554e-07,8.636832935735549e-05,0.0008987010922282897,0.0034066364541649884,0.0,0.9693865770819156,0.8823529411764706,1.373055725438816e-05,0.00018484596459792215,0,,
0c7a3248234f94699a83,PASS_PROVISIONAL,single sample matches the BF16 dense fingerprint,128,128,0.012548805191754164,9.67816449701786e-05,0.04303637742996215,0.07032756507396692,0.13669575646519672,0.0078125,0.9774374522536282,0.9393939393939394,0.0019326286329852983,0.005224883188116648,0,,
107c0874e9429ce217c5,PASS_PROVISIONAL,single sample matches the BF16 dense fingerprint,128,128,0.002729554267478951,0.0,0.00033598355948924854,0.02216702699661254,0.055696952939033526,0.0078125,0.9749331550802133,0.9393939393939394,0.00034278374102676647,0.0004922240823470328,0,,
10ec405176db694e80fc,PASS_PROVISIONAL,single sample matches the BF16 dense fingerprint,128,128,0.00829614451822086,1.0706280590966344e-05,0.02079036384820937,0.04343849495053289,0.11308597236871724,0.0234375,0.9853219696969694,0.9393939393939394,0.0013096690722963211,0.002126788314763299,0,,
127949883dbe82e96510,PASS_PROVISIONAL,single sample matches the BF16 dense fingerprint,128,128,0.009448332411482019,2.7722111553885043e-05,0.02194268181920051,0.08354806602001186,0.10416460916399961,0.015625,0.9835115864527626,0.9393939393939394,0.0017626041890313445,0.0031387798070540264,0,,
15eb16fcdaff88e628d7,PASS_PROVISIONAL,single sample matches the BF16 dense fingerprint,128,128,0.002251357994184744,5.363244781619869e-07,0.00019075444433838093,0.009958666563034032,0.06482078731060041,0.0,0.9830381016042777,0.9393939393939394,0.00020656994973905133,0.0004898013809332296,0,,
16172a162841e0149e87,PASS_PROVISIONAL,single sample matches the BF16 dense fingerprint,128,128,0.002312608992620757,1.1920792530872859e-07,0.003200093284249302,0.0187266763299703,0.03558746665716174,0.0,0.943036410828592,0.8285714285714286,0.00030265630598573675,0.0006372629702913326,0,,
16848c5028ff542acb85,PASS_PROVISIONAL,single sample matches the BF16 dense fingerprint,128,128,0.002201018242117714,0.0,0.00540921539068222,0.013901916146278379,0.03543791592121128,0.0,0.9397801544860356,0.8285714285714286,0.00026611081263705396,0.0019155645729363258,0,,
1757a5dbdeca60120661,PASS_PROVISIONAL,single sample matches the BF16 dense fingerprint,128,128,0.01740196210611833,0.006203114986419678,0.05346855223178863,0.05805130898952485,0.10468299150466927,0.0234375,0.9782475490196073,0.9393939393939394,0.000926395289365677,0.002902165988182771,0,,
1b720995044d47655d3a,PASS_PROVISIONAL,single sample matches the BF16 dense fingerprint,128,128,0.006814204075225816,1.0906118404818699e-05,0.0203531928360462,0.03748665899038307,0.08359061658382419,0.0078125,0.9732039406671753,0.9393939393939394,0.0007622285901017188,0.0016580077188727165,0,,
1bd6df0931ab70debb45,PASS_PROVISIONAL,single sample matches the BF16 dense fingerprint,128,128,0.003248762279283446,1.2814978163078194e-06,0.0023092508316039993,0.015771926194429395,0.06753570437431336,0.0,0.9678261077158128,0.8823529411764706,0.0003222945881881347,0.0031268858829237014,0,,
1cb99752774e0cb75bcd,PASS_PROVISIONAL,single sample matches the BF16 dense fingerprint,128,128,0.009635407416440422,0.0015684142708778381,0.03104109466075897,0.039561673998832696,0.06722567796707164,0.0,0.9686248365839673,0.8823529411764706,0.0009480264248043752,0.003024342806840891,0,,
1d61f99a7cea7847043a,PASS_PROVISIONAL,single sample matches the BF16 dense fingerprint,128,128,0.0035799486889887544,9.201446573570138e-07,0.005435317754745478,0.0260219573043286,0.06060301840305331,0.0,0.9300167397206857,0.7297297297297297,0.00042278448024030244,0.003028382882720397,0,,
1e35a89febc387eef2a6,PASS_PROVISIONAL,single sample matches the BF16 dense fingerprint,128,128,0.004517086574112594,8.940595535023022e-07,0.0104055255651474,0.03099436461925497,0.08092663049697876,0.0,0.9644584528388699,0.8823529411764706,0.000393930297426349,0.0004634147068783658,0,,
1ff7d9699c4a238b6b9c,PASS_PROVISIONAL,single sample matches the BF16 dense fingerprint,128,128,0.010601456289849265,0.0007205717265605927,0.03604982197284698,0.05209722518920895,0.07398153811693198,0.0078125,0.9704637274490209,0.8823529411764706,0.0012136480835498668,0.005828112803671452,0,,
20a465f9da5b00918b47,PASS_PROVISIONAL,single sample matches the BF16 dense fingerprint,128,128,0.001715039474220248,0.0005617896094918251,0.003806498646736144,0.0073421746492385856,0.01380135700106621,0.0,0.9759915329768266,0.9393939393939394,0.00029809060429059514,0.0005632132112425134,0,,
20d8dd0b65d5c0071954,PASS_PROVISIONAL,single sample matches the BF16 dense fingerprint,128,128,0.018903442485076027,0.008771881461143494,0.05141091644763944,0.06976482570171354,0.07933271884918212,0.0234375,0.9793059269162206,0.9393939393939394,0.0017227012058527017,0.005542951780553017,0,,
21cdd0b813254e0f8737,PASS_PROVISIONAL,single sample matches the BF16 dense fingerprint,128,128,0.009516224125431405,1.3242708519101143e-05,0.029378880560398103,0.060403047502040806,0.10233367443084718,0.0078125,0.9834558823529409,0.9393939393939394,0.0014891069034315024,0.0019276626433317012,0,,
23cb4621d0cc79754f3c,PASS_PROVISIONAL,single sample matches the BF16 dense fingerprint,128,128,0.0004380379930070122,2.980204811819931e-07,0.00040381997823715136,0.0029640964232385105,0.007724670842289928,0.0,0.9545322116626284,0.8823529411764706,6.887803125729069e-05,0.00019000663523536585,0,,
2452ea884a1c69755f8d,PASS_PROVISIONAL,single sample matches the BF16 dense fingerprint,128,128,0.006386474975898282,1.9227154552936554e-06,0.018864428251981726,0.045558550953865046,0.07060213267803199,0.0,0.9751233447924619,0.9393939393939394,0.0011272509088022077,0.0027602050203433507,0,,
24885d628a21faf5da2e,PASS_PROVISIONAL,single sample matches the BF16 dense fingerprint,128,128,0.01094734425097249,6.693194154649973e-05,0.0422588050365448,0.07353773117065428,0.1253763419389726,0.0078125,0.9797237076648837,0.9393939393939394,0.0018814376626294276,0.0033546759156676746,0,,
254d4e083f1f3af7315e,PASS_PROVISIONAL,single sample matches the BF16 dense fingerprint,128,128,0.006811192508161368,9.47316857491387e-06,0.015310472249984735,0.04176877140998839,0.10067078381776812,0.0234375,0.9318205586587921,0.8285714285714286,0.0024614374747748396,0.006765000012340957,0,,
254f62b5c98bb7ebef39,PASS_PROVISIONAL,single sample matches the BF16 dense fingerprint,128,128,0.0038236809085512857,0.0,6.422877777367816e-06,0.000580275105312466,0.03429359227418905,0.0,0.9437460310622062,0.8285714285714286,3.138223360815257e-05,0.0022761397944174554,0,,
27afe64bb4199d6ce07e,INCONCLUSIVE,single sample is between accept and reject thresholds,128,128,0.008232370659530419,1.97217013919726e-05,0.018476533889770504,0.03538831472396846,0.16429260998964346,0.0078125,0.94860939540226,0.8285714285714286,0.0013323662140501153,0.0227818250657748,0,union_js_p99,
27c1b5b98923f83cfb5b,PASS_PROVISIONAL,single sample matches the BF16 dense fingerprint,128,128,0.0007018713788856101,1.1920927533992653e-07,0.0005377213004976501,0.004677363298833354,0.011226879879832273,0.0,0.9680282898645896,0.8823529411764706,6.682559687108616e-05,0.00044911972274878616,0,,
29b22f8dfaa66f1e6a59,PASS_PROVISIONAL,single sample matches the BF16 dense fingerprint,128,128,0.001349784296605927,0.0,0.0007269807159900651,0.008909742161631581,0.02821747422218325,0.0,0.9325871935779041,0.7777777777777779,0.0001343165481759791,0.0003434149828401341,0,,
29f2b9019a91ff75122a,PASS_PROVISIONAL,single sample matches the BF16 dense fingerprint,128,128,0.010405945921178272,0.0007140552625060081,0.02796105146408081,0.0652850985527037,0.1003989350795747,0.0,0.9741787624140559,0.9393939393939394,0.0019391234554454713,0.0061355868558391775,0,,
2a51504be7780b627a97,PASS_PROVISIONAL,single sample matches the BF16 dense fingerprint,128,128,0.0023379453472845424,3.5762701600106084e-07,0.002618578821420665,0.0069570919498801054,0.05640564978122714,0.0,0.9636366288939813,0.8823529411764706,0.0002896272201906774,0.002517618181516839,0,,
2a79efb68605bc2f5fe4,PASS_PROVISIONAL,single sample matches the BF16 dense fingerprint,128,128,0.01190071721507735,0.00012584241630975157,0.03982168361544609,0.06283363699913022,0.09866632997989669,0.0078125,0.9782754010695183,0.9393939393939394,0.0014729670334622123,0.004570925718238692,0,,
2c0557260880c3f444f7,PASS_PROVISIONAL,single sample matches the BF16 dense fingerprint,128,128,0.008530125213866535,5.988069460727274e-06,0.026582557708024975,0.0495283439755439,0.13911331534385699,0.0078125,0.9797515597147946,0.9393939393939394,0.0008391422682951252,0.002032581741106553,0,,
2ddc769a3cc319dad592,PASS_PROVISIONAL,single sample matches the BF16 dense fingerprint,128,128,0.0037084299054319647,4.7683590764791006e-07,0.0036413962021469987,0.017433546483516672,0.08461403548717508,0.0,0.9601224959680832,0.8823529411764706,0.00023409068958758734,0.00048685932656976144,0,,
2f98a6a94b0c75d8837b,PASS_PROVISIONAL,single sample matches the BF16 dense fingerprint,128,128,0.010475972665186406,0.0011826762929558754,0.03456665873527527,0.05376344025135033,0.08881808638572705,0.0078125,0.9811441622103382,0.9393939393939394,0.0011342061868608744,0.002385772028404611,0,,
31b2823ed21b494473c6,PASS_PROVISIONAL,single sample matches the BF16 dense fingerprint,128,128,0.0013872697405473144,2.98021632261225e-07,0.002797400951385497,0.008508794009685506,0.023414873480796822,0.0,0.9477465087372197,0.8285714285714286,0.000138867555254287,0.00038191803372709476,0,,
32afc9ca6b0f03d2f8c5,PASS_PROVISIONAL,single sample matches the BF16 dense fingerprint,128,128,0.004269485389933769,1.4600700524169952e-05,0.015011024475097653,0.026192620396614026,0.0627849817276001,0.0,0.9549115916762965,0.8823529411764706,0.0020101714274919284,0.004813037695799038,0,,
33b0a11bae14f2134af4,INCONCLUSIVE,single sample is between accept and reject thresholds,128,128,0.004718268533984327,5.185536792851053e-06,0.008480280637741089,0.017773310840129848,0.10372488498687764,0.0,0.9176728824673643,0.7001422475106687,0.001363054363799891,0.006039976560028494,0,topk_jaccard_mean,
36358749e573acbcc628,PASS_PROVISIONAL,single sample matches the BF16 dense fingerprint,128,128,0.002950320973140963,8.176684787031263e-07,0.008237206377089024,0.024370547384023646,0.0402490082383156,0.0,0.9857954545454543,0.9393939393939394,0.00044528403261048766,0.0008871955551583023,0,,
36b6809c027eea902111,PASS_PROVISIONAL,single sample matches the BF16 dense fingerprint,128,128,0.0015067848912714843,3.576276270678136e-07,0.0010647852439433334,0.013810737058520314,0.022859289944171912,0.0,0.9429775185424384,0.8285714285714286,0.0002152178514551357,0.0018448125906506223,0,,
371f5f89afb967ebe762,PASS_PROVISIONAL,single sample matches the BF16 dense fingerprint,128,128,0.00039938668861566606,1.1920917586394353e-07,1.2000220885965946e-05,0.00030933176167309166,0.0034315078146755695,0.0,0.9854309905780492,0.9393939393939394,6.331880859776409e-06,5.241935013894241e-05,0,,
3d3cd44da6c8d94f2172,PASS_PROVISIONAL,single sample matches the BF16 dense fingerprint,128,128,0.013797497012068283,0.0003345096483826637,0.05637639760971069,0.07594246268272398,0.10146800041198731,0.0,0.9778019162210332,0.9393939393939394,0.0015927984367553926,0.0019452589498890984,0,,
3d696aea5e90940f0f85,PASS_PROVISIONAL,single sample matches the BF16 dense fingerprint,128,128,0.004177696324611402,7.20606476534158e-06,0.006261519342660904,0.01587908715009688,0.09092745423316959,0.0,0.9464259491967515,0.8285714285714286,0.0002799683248818286,0.0015412801033847174,0,,
40a11064186f76a13eb6,PASS_PROVISIONAL,single sample matches the BF16 dense fingerprint,128,128,0.007312542572620762,1.3745711839874275e-05,0.02368660569190979,0.04913138598203653,0.09382866233587268,0.0,0.9806428253119426,0.9393939393939394,0.0009341994644711151,0.0018095870661615106,0,,
427558f1540f9f15a1d6,PASS_PROVISIONAL,single sample matches the BF16 dense fingerprint,128,128,0.009401676471343379,0.00040467100916430354,0.026632517576217637,0.05390409827232349,0.0982226267457009,0.0078125,0.9806706773618534,0.9393939393939394,0.001172064985950852,0.0018297647827371834,0,,
4362be0e95f2264e40d3,PASS_PROVISIONAL,single sample matches the BF16 dense fingerprint,128,128,0.014954745412854464,0.004211723804473877,0.04975907802581786,0.061866527795791625,0.07641717076301575,0.015625,0.9773562834224593,0.9393939393939394,0.0031517536677621804,0.006497467746213869,0,,
43d24dea109fc2bee478,PASS_PROVISIONAL,single sample matches the BF16 dense fingerprint,128,128,0.0092142978001028,0.0003620721399784088,0.021895043551921844,0.05641878619790057,0.09678872972726828,0.0078125,0.9777740641711224,0.9393939393939394,0.001106029753027757,0.001798812290934989,0,,
4418047bdabefce010fe,PASS_PROVISIONAL,single sample matches the BF16 dense fingerprint,128,128,0.010378688384075963,0.0002746967365965247,0.03125268518924709,0.06640765070915218,0.10206819057464606,0.015625,0.9806149732620316,0.9393939393939394,0.0010824145775026456,0.0018869719842059063,0,,
446dceccf620daa17288,PASS_PROVISIONAL,single sample matches the BF16 dense fingerprint,128,128,0.005765812144375548,5.259178578853607e-05,0.01661965623497963,0.02957920879125595,0.08402394443750387,0.0078125,0.9867424242424239,0.9393939393939394,0.0007849674540336055,0.0015263636090354718,0,,
46fb24dbcef75f627480,PASS_PROVISIONAL,single sample matches the BF16 dense fingerprint,128,128,0.009120076047006265,7.2801485657691956e-06,0.022394739091396332,0.04386617392301556,0.10186235398054123,0.0,0.9820354278074862,0.9393939393939394,0.0012190708009636414,0.0018823802678612058,0,,
473cbdaf4c59655f87d1,PASS_PROVISIONAL,single sample matches the BF16 dense fingerprint,128,128,0.0028906121166534238,2.3841850804728892e-07,0.004161141067743301,0.017221245169639587,0.06570194125175483,0.0078125,0.9712845365418887,0.9393939393939394,0.0003426710700675527,0.00148002058864502,0,,
4782b9784239087a6e8c,PASS_PROVISIONAL,single sample matches the BF16 dense fingerprint,128,128,0.004070108410705375,2.562945837780717e-06,0.0027183018624782527,0.02612040787935256,0.04730916410684586,0.0,0.9471244796225439,0.8285714285714286,0.00032235541946114857,0.0015338683652581131,0,,
4b1e71db3e319a78014b,PASS_PROVISIONAL,single sample matches the BF16 dense fingerprint,128,128,0.00434403736352712,1.1082988635280344e-05,0.010087722539901728,0.0160431809723377,0.09197092652320864,0.0078125,0.9593201475167411,0.8473949579831933,0.00029575812502586517,0.002536193301728555,0,,
4bc38e4951d5c195ad83,PASS_PROVISIONAL,single sample matches the BF16 dense fingerprint,128,128,0.005111142084325504,2.3806842364137992e-07,0.012826608121395104,0.02572346925735472,0.08545087635517123,0.0,0.9848484848484844,0.9393939393939394,0.0006183179702308386,0.0017288643479758201,0,,
4c4f4baf4e046e758479,PASS_PROVISIONAL,single sample matches the BF16 dense fingerprint,128,128,0.01015372543505677,0.0001833401620388031,0.039364856481552093,0.059988299012184096,0.09507954090833666,0.0,0.9835394385026733,0.9393939393939394,0.00149650663522575,0.0022765556089890146,0,,
4c7614fc3ab24132bdb1,PASS_PROVISIONAL,single sample matches the BF16 dense fingerprint,128,128,0.015708182708078777,0.0006566029042005539,0.058338272571563723,0.0745046198368072,0.1131890118122102,0.0,0.975907976827094,0.9393939393939394,0.0013745011811311465,0.0019903271855266826,0,,
4c9209ac66e76ca9790d,PASS_PROVISIONAL,single sample matches the BF16 dense fingerprint,128,128,0.003111903500959412,1.0728803090387373e-06,0.007820065319538114,0.016646248102188094,0.04054303139448168,0.0,0.9557675780102239,0.8285714285714286,0.00025169561347118387,0.00042964196280491005,0,,
4cb560834f71c085b803,PASS_PROVISIONAL,single sample matches the BF16 dense fingerprint,128,128,0.002805284490330684,1.1920906217710581e-07,0.0013188357464969155,0.01958368122577661,0.06950787305831915,0.0,0.9645650305576767,0.8823529411764706,0.0002956991537389095,0.00048189957513753454,0,,
4dfde89039b9f1884bb5,PASS_PROVISIONAL,single sample matches the BF16 dense fingerprint,128,128,0.004470438923799669,0.00011685519712045789,0.017035265266895288,0.03037319481372831,0.04299080133438114,0.0,0.9386780078768288,0.7297297297297297,0.0006195459782313904,0.0037434674454045426,0,,
4f8347f6ca96783e69d3,PASS_PROVISIONAL,single sample matches the BF16 dense fingerprint,128,128,0.006164455000174041,4.917379783364595e-07,0.009096029400825495,0.04050649851560583,0.10446754902601249,0.0078125,0.9825646167557927,0.9393939393939394,0.0008538356966127606,0.001933475125396886,0,,
536de0e450d7da19125d,PASS_PROVISIONAL,single sample matches the BF16 dense fingerprint,128,128,0.011093796423017055,2.949581539724022e-05,0.04233752638101575,0.0688552737236022,0.11593408226966859,0.0078125,0.9830381016042776,0.9393939393939394,0.0015465335549399357,0.0019388672550397505,0,,
5398fc5df49b92c0e509,PASS_PROVISIONAL,single sample matches the BF16 dense fingerprint,128,128,0.003008143457339074,0.0,0.006915521062910553,0.023990872502326947,0.04099602162837984,0.0078125,0.9533674912351374,0.8473949579831933,0.00037373739536513095,0.0005645906722756036,0,,
554e6e4c62ef5419bb05,PASS_PROVISIONAL,single sample matches the BF16 dense fingerprint,128,128,0.011088737243160507,9.640632197260857e-05,0.04037949740886687,0.07547445595264421,0.12846857666969308,0.0078125,0.9849320409982171,0.9393939393939394,0.0017014370118411438,0.0019339965552411494,0,,
56850111c3b4ff2ddf28,PASS_PROVISIONAL,single sample matches the BF16 dense fingerprint,128,128,0.004599485016023974,6.952766170797986e-06,0.010799808800220486,0.027321672439575184,0.06839919805526734,0.0,0.9466885997361993,0.8285714285714286,0.0005486311405880981,0.002811611544084691,0,,
58acfdb52b5feb9a194a,PASS_PROVISIONAL,single sample matches the BF16 dense fingerprint,128,128,0.0022954043510681754,2.980220727977212e-07,0.0022572286427021025,0.013512419164180754,0.04001348912715916,0.0,0.9484556657811916,0.8285714285714286,0.00019954634941421167,0.0005414615100046128,0,,
58fa31051707ef2cb0c9,PASS_PROVISIONAL,single sample matches the BF16 dense fingerprint,128,128,0.011273321462196007,0.000826958566904068,0.03739731013774872,0.055700671672821,0.09924736917018895,0.0,0.9769918194550542,0.9393939393939394,0.000620448671783993,0.0018783199401022125,0,,
59428fed598f61849689,PASS_PROVISIONAL,single sample matches the BF16 dense fingerprint,128,128,0.017344019049707893,0.0023112157359719276,0.057299339771270746,0.07971155792474746,0.12649940729141246,0.015625,0.9759636809269157,0.9393939393939394,0.0015667333812235107,0.001916636232009168,0,,
5b84452be308abfbbf02,INCONCLUSIVE,single sample is between accept and reject thresholds,128,128,0.012772753288774752,1.5466880540770944e-06,0.04551893770694733,0.07221703678369516,0.12973707199096685,0.03125,0.986268939393939,0.9393939393939394,0.0016774870342492817,0.0019409158051310427,0,rank_delta_nonzero_rate,
5d64b2baf04953769267,PASS_PROVISIONAL,single sample matches the BF16 dense fingerprint,128,128,0.007833968333514019,8.672359399497509e-06,0.019484344869852056,0.0498607739806175,0.12036263346672062,0.0234375,0.98629679144385,0.9393939393939394,0.0008934676703039003,0.001938854077321488,0,,
5df619af4fd1ad46c81f,PASS_PROVISIONAL,single sample matches the BF16 dense fingerprint,128,128,0.011405311317412403,3.516548986226553e-06,0.04124164432287216,0.07332388460636138,0.1092847999930383,0.015625,0.9797237076648837,0.9393939393939394,0.0016793679496996156,0.0028449706082854286,0,,
6013deb8f43a8eb5014c,PASS_PROVISIONAL,single sample matches the BF16 dense fingerprint,128,128,0.0019579466040889892,1.1920927533992653e-07,3.184385132044551e-05,0.007502336055040329,0.05266290068626406,0.0,0.9793313916475677,0.9393939393939394,0.00016138277307455251,0.000548526491087845,0,,
668ec3c1c15cb02a4375,PASS_PROVISIONAL,single sample matches the BF16 dense fingerprint,128,128,0.0011235902558593969,1.18277057481464e-07,0.00016481578568345855,0.002118429634720078,0.024029644727706915,0.0,0.9507162920900358,0.8285714285714286,3.745443028510801e-05,0.0003034862761982443,0,,
674c6ea6cf764bec2057,PASS_PROVISIONAL,single sample matches the BF16 dense fingerprint,128,128,0.0036649299381386613,1.1920906217710581e-07,0.0031413614749908445,0.03839274644851665,0.05850152220577004,0.0,0.9461187246113704,0.7955555555555557,0.0004441346025881425,0.0028447864918045547,0,,
6777c603c16881faf801,PASS_PROVISIONAL,single sample matches the BF16 dense fingerprint,128,128,0.0012835804325847522,1.1920883480343036e-07,0.001069696992635726,0.005550387036055287,0.03109663024544721,0.0,0.9718391902215423,0.9023172905525847,0.00013103144654244588,0.000357238849596888,0,,
6acbef27347eccd07c24,PASS_PROVISIONAL,single sample matches the BF16 dense fingerprint,128,128,0.010513416272374287,6.475485861301422e-06,0.025256529450416558,0.06887751668691632,0.10213885068893433,0.0078125,0.9736241087344023,0.9393939393939394,0.001667811618080704,0.0033312198917286226,0,,
6c82476bd3ee46b06d06,PASS_PROVISIONAL,single sample matches the BF16 dense fingerprint,128,128,0.0015754613740327494,4.6659097279189155e-06,0.0016950678080320356,0.007250091433525056,0.027717836201190955,0.0078125,0.9476942117846736,0.7955555555555557,0.0001758579354337029,0.0011315518556925138,0,,
6cfe70e13bcbaa3c8111,PASS_PROVISIONAL,single sample matches the BF16 dense fingerprint,128,128,0.0010682545435657942,1.1920917586394353e-07,0.0006672139279544345,0.004227865487337081,0.027305845022201614,0.0,0.9515885222579418,0.8285714285714286,0.00010987273661853714,0.00039578939217779996,0,,
6daffa590383c25fcd17,PASS_PROVISIONAL,single sample matches the BF16 dense fingerprint,128,128,0.0035258993391837357,2.085012965835631e-06,0.00717891789972782,0.01656504571437834,0.07211268067359941,0.0,0.9410678423546057,0.7777777777777779,0.000489385533007161,0.0030335188078494148,0,,
7086e023532b893d4bae,PASS_PROVISIONAL,single sample matches the BF16 dense fingerprint,128,128,0.014809182541569932,0.003999512642621994,0.04432414174079894,0.056931610405445074,0.10231105685234082,0.015625,0.9797237076648837,0.9393939393939394,0.0021093210351871335,0.004226618621269357,0,,
71097911ce5b11ea1460,PASS_PROVISIONAL,single sample matches the BF16 dense fingerprint,128,128,0.012241501002619337,9.56954900175333e-05,0.05340585112571716,0.07634335011243816,0.12656170904636388,0.0078125,0.9830381016042777,0.9393939393939394,0.0016024441337886915,0.0019390838890144956,0,,
71a52be839a16d2f9be8,PASS_PROVISIONAL,single sample matches the BF16 dense fingerprint,128,128,0.0012019033044868288,1.192092646817855e-07,0.002251438423991203,0.00684455223381519,0.023082540631294262,0.0,0.9761663577453046,0.9393939393939394,9.808540921608808e-05,0.0003343456514238356,0,,
72bd5bcb55602acf77d2,PASS_PROVISIONAL,single sample matches the BF16 dense fingerprint,128,128,0.01048276280095406,1.0387389920651913e-05,0.03829035609960556,0.07239343076944338,0.12203483343124401,0.0078125,0.9853219696969694,0.9393939393939394,0.0015971847020597111,0.0019025099938400434,0,,
76cfc0629d2bad7c20fb,PASS_PROVISIONAL,single sample matches the BF16 dense fingerprint,128,128,0.019356526662910767,0.0026645883917808533,0.05991829633712768,0.08211350440978998,0.11088124990463259,0.0234375,0.9810884581105166,0.9393939393939394,0.0016876489838634264,0.0019252236342485198,0,,
774557917a3cbf84f6f9,PASS_PROVISIONAL,single sample matches the BF16 dense fingerprint,128,128,0.0023645065586191394,5.363249329093378e-07,0.006367166340351102,0.013141843676567054,0.051252089142799405,0.0,0.962514589169,0.8823529411764706,0.00025684906606560266,0.001596074287546537,0,,
79e661ffad6284ba8475,PASS_PROVISIONAL,single sample matches the BF16 dense fingerprint,128,128,0.009789811249311609,0.0019305897876620293,0.03492563366889952,0.0497736945748329,0.05893701255321504,0.0,0.9773562834224594,0.9393939393939394,0.0007718621618578336,0.0012301843542399742,0,,
7a613643598c07a5fd54,PASS_PROVISIONAL,single sample matches the BF16 dense fingerprint,128,128,0.006058519250949246,8.437782526016235e-07,0.020648610591888425,0.0335548125207424,0.09143724143505114,0.015625,0.9758873905293338,0.9393939393939394,0.00043289358895889495,0.0016659833549798925,0,,
7be132b0daecc07a766e,PASS_PROVISIONAL,single sample matches the BF16 dense fingerprint,128,128,0.011514755836133705,0.0006803572177886963,0.035198810696601864,0.060796609520912155,0.09920080780982972,0.0078125,0.9802250445632795,0.9393939393939394,0.0009679528760931978,0.0019171451062712768,0,,
7c3ada951af1fb924874,PASS_PROVISIONAL,single sample matches the BF16 dense fingerprint,128,128,0.013347644365492073,0.002955760806798935,0.040873128175735456,0.0582276314496994,0.08641203641891487,0.015625,0.9751814362108475,0.8823529411764706,0.0013465245228502475,0.0029608127953887654,0,,
7fc84cfa5f84c9243cd0,INCONCLUSIVE,single sample is between accept and reject thresholds,128,128,0.002846571371132256,9.654657333157957e-06,0.005505444109439848,0.010090540349483475,0.05608338952064518,0.0078125,0.9153868657874062,0.6842105263157895,0.0003773282275788914,0.0011899572634178313,0,topk_jaccard_mean,
7fd7e84c47c07f201203,PASS_PROVISIONAL,single sample matches the BF16 dense fingerprint,128,128,0.013156452501206617,0.00020712913828901947,0.0527922436594963,0.0848474651575088,0.11375235199928285,0.0,0.9746267825311937,0.9023172905525847,0.0016878140929329419,0.002151712972944694,0,,
8039923b9c867d3902cb,PASS_PROVISIONAL,single sample matches the BF16 dense fingerprint,128,128,0.010115401817053282,0.0003621615469455719,0.043190491199493405,0.052554363012313816,0.09154479265213022,0.0,0.9769361153552325,0.9393939393939394,0.0006966397107492335,0.0018188215608619274,0,,
80da37d7496c38b8b538,PASS_PROVISIONAL,single sample matches the BF16 dense fingerprint,128,128,0.0012673575022376649,1.1920920428565296e-07,0.00018665594980120617,0.007025557011365872,0.02740287840366365,0.0,0.9648989540533653,0.8823529411764706,0.00016295115641916857,0.001156180645890644,0,,
87b1b04483edc612ca02,PASS_PROVISIONAL,single sample matches the BF16 dense fingerprint,128,128,0.010889703151788888,0.0001922253577504307,0.0392639935016632,0.06740193516015994,0.09034131526947026,0.0078125,0.979222370766488,0.9393939393939394,0.0009556940831867858,0.0016477815182176362,0,,
888143df5d12f0a0df95,PASS_PROVISIONAL,single sample matches the BF16 dense fingerprint,128,128,0.017888511730965784,0.0010373257100582123,0.05264787673950194,0.07108519971370693,0.1347819918394091,0.0078125,0.9736495734657493,0.9393939393939394,0.001776366926365356,0.005061009349296707,0,,
8896c20ee2df2e8b3133,PASS_PROVISIONAL,single sample matches the BF16 dense fingerprint,128,128,0.015575372412650612,0.0007558946963399649,0.053097867965698244,0.06365447342395776,0.10101595461368565,0.0,0.9810606060606055,0.9393939393939394,0.0010851350608985278,0.002275080219708784,0,,
894f267072dcab0b34ac,PASS_PROVISIONAL,single sample matches the BF16 dense fingerprint,128,128,0.003935858496410427,2.45866431214381e-06,0.010584791004657746,0.026441701501607844,0.05712326228618625,0.0078125,0.982063279857397,0.9393939393939394,0.00046822316079687384,0.002743476169489548,0,,
89c657cee2d0f5ecd548,PASS_PROVISIONAL,single sample matches the BF16 dense fingerprint,128,128,0.001800573806049921,1.1920911902052467e-07,0.0017981626093387581,0.007792006805539121,0.03904849559068685,0.0,0.9419871226991013,0.7777777777777779,0.0003045070286093203,0.0015837123090522071,0,,
89cce66da1b940027e04,INCONCLUSIVE,single sample is between accept and reject thresholds,128,128,0.027078449780731706,0.0005721223424188793,0.07895851880311962,0.11586331725120544,0.2671362775564195,0.0390625,0.9764093137254897,0.9393939393939394,0.003859646892503233,0.009025985868542448,0,mean_abs_logprob_diff; abs_logprob_diff_p99; rank_delta_nonzero_rate,
8a8930f458afc16f1aeb,PASS_PROVISIONAL,single sample matches the BF16 dense fingerprint,128,128,0.01213520141025387,1.2605541996890679e-05,0.05022666156291961,0.06937862336635578,0.12345937311649324,0.015625,0.975070028011204,0.9393939393939394,0.0015588011591598215,0.0019491975217586677,0,,
8ad829c001ab9d0b65a4,PASS_PROVISIONAL,single sample matches the BF16 dense fingerprint,128,128,0.011238391522506719,0.0005570715293288231,0.04109280109405517,0.048649901151657085,0.0986641359329224,0.0,0.9740697415329761,0.9393939393939394,0.0015440993571493836,0.002640710826719847,0,,
8b6644e969904471b868,PASS_PROVISIONAL,single sample matches the BF16 dense fingerprint,128,128,0.0030543355106514847,1.5563779015792534e-05,0.007226061820983886,0.014896842837333672,0.05598906755447396,0.0078125,0.935654359264955,0.7777777777777779,0.00043845922111768524,0.0039913292497288375,0,,
8c73331b2db7c6325b81,PASS_PROVISIONAL,single sample matches the BF16 dense fingerprint,128,128,0.0023145853785738746,2.3841806751079275e-07,0.003117298334836959,0.017424070835113492,0.04601988792419438,0.0,0.9764093137254896,0.9393939393939394,0.0002942660867577471,0.0015084858576063897,0,,
8f69f039471770707b7e,PASS_PROVISIONAL,single sample matches the BF16 dense fingerprint,128,128,0.005407975939395238,6.298709195107222e-06,0.015563714504241936,0.04137089848518367,0.08043999314308174,0.0078125,0.955058391087802,0.8285714285714286,0.0004253294335298972,0.002732010266401671,0,,
91589a2236c99c809d29,PASS_PROVISIONAL,single sample matches the BF16 dense fingerprint,128,128,0.0035541316765869135,2.38418529363571e-07,0.004260709881782527,0.01819862723350518,0.07602597177028661,0.0078125,0.9520869498945171,0.8473949579831933,0.00037501934856722997,0.002579410360121961,0,,
9203185cf8ce51ba0207,PASS_PROVISIONAL,single sample matches the BF16 dense fingerprint,128,128,0.0016745430602374545,1.0728801953518996e-06,0.0023016415536403646,0.005962871015071867,0.045642607808113154,0.0,0.9562308656058646,0.8823529411764706,0.00016087089693728426,0.0006789909467827891,0,,
92700be4ef3a5fb144b6,PASS_PROVISIONAL,single sample matches the BF16 dense fingerprint,128,128,0.008084677182674416,2.1431915229186416e-06,0.02761486917734146,0.03888811767101285,0.11090367674827586,0.0,0.9783032531194291,0.9393939393939394,0.0016161298645396963,0.004411577220552229,0,,
9306b267ac782a242f77,PASS_PROVISIONAL,single sample matches the BF16 dense fingerprint,128,128,0.0013624477318811001,5.587935447692871e-08,0.00019582975655794144,0.0038060310296714086,0.0361629132926465,0.0,0.9519598349706699,0.8473949579831933,4.919683453505045e-05,0.00039111664227316776,0,,
931236a06351a1187146,PASS_PROVISIONAL,single sample matches the BF16 dense fingerprint,128,128,0.004013844793203436,1.1920906217710581e-07,0.0033960510045289967,0.03949471265077572,0.07245124459266668,0.0,0.9601991554197427,0.8823529411764706,0.0005310096820735433,0.0010586159903061619,0,,
935550ec827032dc1d9a,PASS_PROVISIONAL,single sample matches the BF16 dense fingerprint,128,128,0.0009774791992899767,1.1920906217710581e-07,0.0002911567687988273,0.00476100221276282,0.020806040763855012,0.0,0.9734195951107709,0.9023172905525847,7.056019956865406e-05,0.00028181847257513953,0,,
9356bffe6da623595956,PASS_PROVISIONAL,single sample matches the BF16 dense fingerprint,128,128,0.009082783027727248,3.3354626793880016e-06,0.03490518927574158,0.04681273549795151,0.09538767874240887,0.0078125,0.9825089126559711,0.9393939393939394,0.0012022390308874392,0.002106043180591171,0,,
947789fbb93449f1b608,PASS_PROVISIONAL,single sample matches the BF16 dense fingerprint,128,128,0.011144707138915244,1.3545621186494827e-05,0.03638301938772201,0.061501272767782195,0.11704960048198701,0.0078125,0.9806428253119425,0.9393939393939394,0.0016194402154829717,0.003722311269212789,0,,
965e728be3dff0fbc467,PASS_PROVISIONAL,single sample matches the BF16 dense fingerprint,128,128,0.0015429458860464762,1.6763805987807245e-07,0.000706889061257243,0.006071882694959632,0.0425471198558808,0.0,0.9270119677568411,0.7297297297297297,0.00010610661392290605,0.00043240714651106906,0,,
9749c29ecbdf8c66383f,PASS_PROVISIONAL,single sample matches the BF16 dense fingerprint,128,128,0.005816123594346745,5.279039032757282e-05,0.026933403313159934,0.03324580267071724,0.06984618246555338,0.0078125,0.9830102495543667,0.9393939393939394,0.0007420283994302107,0.00128907657339202,0,,
9931c4a5c4ecb1504a26,PASS_PROVISIONAL,single sample matches the BF16 dense fingerprint,128,128,0.013913111683904356,3.3825531318143476e-06,0.046864129602909047,0.11281044483184804,0.13155009031295778,0.0078125,0.9724222264663435,0.9393939393939394,0.0019618234934576494,0.0040820068532833095,0,,
996641191bc8907bbda6,PASS_PROVISIONAL,single sample matches the BF16 dense fingerprint,128,128,0.016255035346137703,0.004956115037202835,0.05231111049652099,0.06497663557529446,0.07944226741790773,0.015625,0.9806149732620316,0.9393939393939394,0.0012022802196890157,0.003664896387237098,0,,
9a6303f1549d542c1801,PASS_PROVISIONAL,single sample matches the BF16 dense fingerprint,128,128,0.002323692026147184,2.3841630536480807e-07,0.0006160662509500969,0.003874316997826096,0.06191358268260959,0.0,0.9762315552756724,0.9393939393939394,0.00010352509540043367,0.00048663233031247504,0,,
9b3fc3e439e258cb16a7,PASS_PROVISIONAL,single sample matches the BF16 dense fingerprint,128,128,0.012586375968187236,0.0002827116404660046,0.05100118666887283,0.06284591853618618,0.10634558796882641,0.015625,0.9736983808674979,0.9393939393939394,0.001192403754077839,0.0027821009995838714,0,,
9d0138a8e3e579ef5d0a,PASS_PROVISIONAL,single sample matches the BF16 dense fingerprint,128,128,0.0059242990961894115,5.438919288280886e-07,0.012880063056945786,0.03925526253879063,0.0949298033118249,0.015625,0.9863246434937608,0.9393939393939394,0.0006836089911892527,0.0018772993749967518,0,,
9e16629760a34318461b,PASS_PROVISIONAL,single sample matches the BF16 dense fingerprint,128,128,0.013902653736522108,3.6143173929303885e-05,0.05028260946273803,0.08970639407634734,0.13657585412263873,0.015625,0.9750445632798568,0.9393939393939394,0.0019327941586595016,0.005578427668962384,0,,
9f1165575d2a3ffd7d23,PASS_PROVISIONAL,single sample matches the BF16 dense fingerprint,128,128,0.01311565707650414,3.5762309380515944e-07,0.004091504216194152,0.011104869842529265,0.06347634673118598,0.0,0.9288022089227166,0.7001422475106687,0.00020556057695490305,0.0009481561132503229,0,,
a21e7541ee67e9b42e03,PASS_PROVISIONAL,single sample matches the BF16 dense fingerprint,128,128,0.009965646996686617,0.00023580621927976608,0.031240218877792353,0.04977072924375528,0.11757783174514772,0.0078125,0.9726214349376109,0.9393939393939394,0.0006854698286471062,0.0019276864907641202,0,,
a2aa3c4ce5d485896306,PASS_PROVISIONAL,single sample matches the BF16 dense fingerprint,128,128,0.014929103149191825,0.0027588466182351112,0.047544711828231806,0.05808289051055904,0.11167885541915894,0.0234375,0.9661597593582879,0.8823529411764706,0.002589313708212309,0.0048866834714847785,0,,
a6b5caa85856ba69deb4,PASS_PROVISIONAL,single sample matches the BF16 dense fingerprint,128,128,0.010061021542125126,5.334544766810723e-06,0.026632292568683606,0.08852167278528211,0.11534680724143984,0.0,0.9764371657754006,0.9393939393939394,0.001785518393920238,0.00430372650791795,0,,
a7db88d1d36b0d32f1fe,PASS_PROVISIONAL,single sample matches the BF16 dense fingerprint,128,128,0.007547312316479815,1.5883306332398206e-05,0.022989545762538907,0.0412419620901346,0.0935726481676102,0.0,0.9778297682709443,0.9393939393939394,0.0010205903789039066,0.001875846886580951,0,,
a9b33a97d1e88d15b4a3,INCONCLUSIVE,single sample is between accept and reject thresholds,128,128,0.016405455721149154,0.0010592713952064514,0.059912785887718194,0.07804540395736691,0.11713734149932861,0.03125,0.9815340909090905,0.9393939393939394,0.0024665369024071777,0.003865766129535309,0,rank_delta_nonzero_rate,
aca78f5a4df13d472fad,PASS_PROVISIONAL,single sample matches the BF16 dense fingerprint,128,128,0.01637529623494416,0.0054402947425842285,0.047141396999359125,0.060721683502197255,0.09775884628295903,0.0234375,0.9670788770053469,0.8823529411764706,0.003135983753008738,0.005234815177195956,0,,
adab4f812dda201a701a,PASS_PROVISIONAL,single sample matches the BF16 dense fingerprint,128,128,0.0027037407918170664,0.0,0.0068026021122932386,0.022662408649921396,0.04203260302543642,0.0,0.9601676097612621,0.8823529411764706,0.00030147809277108724,0.0009303210567050665,0,,
ae18eb3ef38364a72177,PASS_PROVISIONAL,single sample matches the BF16 dense fingerprint,128,128,0.0017428833902375929,1.7136335017653437e-07,0.0016351434402167775,0.009674592316150664,0.041500081419944775,0.0,0.9495279630535038,0.8285714285714286,0.0001239964545444528,0.0014057803059219125,0,,
aebfa5b6518e3f254ef3,PASS_PROVISIONAL,single sample matches the BF16 dense fingerprint,128,128,0.004216255942508296,0.0,0.006941953301429745,0.03844627737998954,0.055042865276336686,0.0,0.9563739569254267,0.8823529411764706,0.0004834034736707143,0.0006665584408244902,0,,
b02a6fd30fe4573366fc,PASS_PROVISIONAL,single sample matches the BF16 dense fingerprint,128,128,0.0113648964309368,3.5057804780080914e-05,0.046625244617462154,0.062252318859100306,0.09880605101585396,0.015625,0.9713657053730576,0.9023172905525847,0.0015835469638670113,0.0027555246686519898,0,,
b1902038a7ef37ed4fc4,PASS_PROVISIONAL,single sample matches the BF16 dense fingerprint,128,128,0.004127121385968491,0.0,0.0029474854469299285,0.01622325256466862,0.06392875015735631,0.0,0.9519366458704684,0.8285714285714286,0.0002727181136060192,0.0006635564703220902,0,,
b204a181e3e00826a19e,PASS_PROVISIONAL,single sample matches the BF16 dense fingerprint,128,128,0.015353904798487195,0.0010009272955358028,0.055248022079467766,0.0810566127300262,0.11624584913253792,0.0078125,0.9811163101604274,0.9393939393939394,0.0018158854953199874,0.001934298131394775,0,,
b4fdda7dabad8e1e132f,PASS_PROVISIONAL,single sample matches the BF16 dense fingerprint,128,128,0.006665535826151314,2.8990434657316655e-06,0.022855820506811127,0.04984719008207314,0.07268540352582933,0.0,0.9895833333333331,0.9393939393939394,0.0010921342532089102,0.0018540586481123637,0,,
b50e0e831fd0bd10c726,PASS_PROVISIONAL,single sample matches the BF16 dense fingerprint,128,128,0.012533989476053886,0.000922562787309289,0.04822208881378173,0.05623900294303893,0.07676707267761236,0.0,0.9682648438163137,0.8823529411764706,0.0009332406435311937,0.008992179974450799,0,,
b56ae2de0afa2666ca79,PASS_PROVISIONAL,single sample matches the BF16 dense fingerprint,128,128,0.009806266822612042,0.00018131732940673828,0.043383491039276106,0.05906452238559723,0.07373268306255346,0.0,0.9863246434937608,0.9393939393939394,0.0005114583265931428,0.001643183949239503,0,,
b779970d705fdc72ddd4,PASS_PROVISIONAL,single sample matches the BF16 dense fingerprint,128,128,0.0030373398340661772,2.3841562324378174e-07,0.008023144304752348,0.015142834186553954,0.0480780556797982,0.0,0.9253419628419615,0.7465465465465466,0.0003361971942940525,0.0008404439486070269,0,,
b89bd85ff4224e2713fa,PASS_PROVISIONAL,single sample matches the BF16 dense fingerprint,128,128,0.017439268516755924,0.004108861088752747,0.0565453290939331,0.07026733756065366,0.0986564636230469,0.0078125,0.97546234402852,0.9393939393939394,0.0028089684277612446,0.005050277040131766,0,,
b8b5a91b247b8f7e8b2b,PASS_PROVISIONAL,single sample matches the BF16 dense fingerprint,128,128,0.005685324653437185,1.7472922991146334e-05,0.01695871576666832,0.02919435724616045,0.08001969307661062,0.0078125,0.978356569900687,0.9393939393939394,0.0007676625141315876,0.001676095212219737,0,,
b9786ce66ce04e5dc25a,PASS_PROVISIONAL,single sample matches the BF16 dense fingerprint,128,128,0.010456683090681151,1.4631077647209167e-05,0.03339288979768753,0.06463483422994598,0.11220571339130408,0.0078125,0.9778576203208551,0.9393939393939394,0.0016074156512889029,0.0027794786559220313,0,,
bac8931bb96bead1718b,PASS_PROVISIONAL,single sample matches the BF16 dense fingerprint,128,128,0.005229374454065017,3.383960574865341e-06,0.016296365857124327,0.034562686085700976,0.07625220149755495,0.0,0.9862967914438499,0.9393939393939394,0.0009030845356415695,0.001420428668822629,0,,
bc49f7c3c4e5bbaf4820,PASS_PROVISIONAL,single sample matches the BF16 dense fingerprint,128,128,0.006163799632840916,1.9892722775693983e-06,0.016561523079872124,0.036217311769723856,0.08566786289215089,0.0,0.9737307422969181,0.9393939393939394,0.0007794130926710148,0.002722644357735428,0,,
bd74d2b1f175935afa85,PASS_PROVISIONAL,single sample matches the BF16 dense fingerprint,128,128,0.0007881489475307646,1.192092469182171e-07,0.000958790437425703,0.00333221014589071,0.019184682816267066,0.0,0.9365954276776228,0.7465465465465466,0.00013011064519500808,0.0003820776696186399,0,,
bedf97d883a8ffdb2f9a,PASS_PROVISIONAL,single sample matches the BF16 dense fingerprint,128,128,0.0027685360957926952,1.1920926112907182e-07,0.000918005034327507,0.024198710918426403,0.06123407781124124,0.0078125,0.9792502228163988,0.9393939393939394,0.00030334738471996214,0.0005334916752167793,0,,
bfb01adcfe0e136fb6ba,PASS_PROVISIONAL,single sample matches the BF16 dense fingerprint,128,128,0.0018605841371069909,0.0,0.0009694218635559067,0.005969009548425646,0.049273399114608804,0.0,0.9751122039724974,0.9393939393939394,9.94788097113654e-05,0.00047949340403790665,0,,
c09cc454c37cd68fb6d9,PASS_PROVISIONAL,single sample matches the BF16 dense fingerprint,128,128,0.009974042217552936,0.0009623640216886997,0.033488011360168456,0.04395765066146848,0.08414547502994538,0.0078125,0.9633326995072341,0.8823529411764706,0.0011728968759985182,0.006981427067470803,0,,
c0e27e693b032f42297d,PASS_PROVISIONAL,single sample matches the BF16 dense fingerprint,128,128,0.004953126845066436,0.0008425377309322357,0.013737951219081878,0.023026083409786173,0.07266536474227908,0.0,0.986268939393939,0.9393939393939394,0.0003201957540867452,0.0005138039089751514,0,,
c36ab0f8ca7e28a29d4d,PASS_PROVISIONAL,single sample matches the BF16 dense fingerprint,128,128,0.0025536840075801592,0.0007624966092407703,0.004154598712921142,0.008343891985714428,0.027268583327531817,0.0,0.967468805704099,0.9393939393939394,0.00035569457980244167,0.0005070883116726449,0,,
c4062c562891d02435ca,PASS_PROVISIONAL,single sample matches the BF16 dense fingerprint,128,128,0.0035720147006930714,1.430500446986116e-06,0.002936086058616635,0.016127032041549676,0.07397733807563782,0.0078125,0.9450400801638238,0.8285714285714286,0.0002203023080225239,0.00047367031912208166,0,,
c75c6e1638e89a6176aa,PASS_PROVISIONAL,single sample matches the BF16 dense fingerprint,128,128,0.0021234189459737873,0.0,0.0027998551726341188,0.012518499791622159,0.04472587764263154,0.0,0.9344963138962787,0.7777777777777779,0.0003858478753279741,0.0006671634917511955,0,,
c7861826e401957015c5,PASS_PROVISIONAL,single sample matches the BF16 dense fingerprint,128,128,0.002459495575096615,1.1920911902052467e-07,0.005888791382312773,0.017090348899364435,0.047661382555961695,0.0,0.9466670045158406,0.8285714285714286,0.00034386909646907276,0.0008096706021159046,0,,
c7edc7c587e8e70ae734,PASS_PROVISIONAL,single sample matches the BF16 dense fingerprint,128,128,0.0026331828575565375,0.0,0.0006758319213986378,0.005979740619659399,0.07751609861850739,0.0,0.9784122740005088,0.9393939393939394,0.00012290644491548742,0.0004515342705134833,0,,
cbbaf01f8d9698145a16,PASS_PROVISIONAL,single sample matches the BF16 dense fingerprint,128,128,0.004947106592856576,0.0,0.00433894395828247,0.03309684842824932,0.08257779598236087,0.0,0.9527414113037169,0.8473949579831933,0.0004217452659288053,0.0011314234077377432,0,,
cbc17d7de4f012a625be,PASS_PROVISIONAL,single sample matches the BF16 dense fingerprint,128,128,0.011928120007058451,7.245969027280807e-05,0.034193527698516836,0.06262197270989403,0.1396181499958039,0.0078125,0.975025281091457,0.9393939393939394,0.0015981515453800184,0.00390179748484837,0,,
cc8a87421f634a1d75a0,PASS_PROVISIONAL,single sample matches the BF16 dense fingerprint,128,128,0.0068916677441968055,0.0,0.01477851606905459,0.030588720738887736,0.12637745261192326,0.0,0.9872159090909087,0.9393939393939394,0.0010074697082308696,0.0019452015198686108,0,,
cda6c84d555e3c6449ae,PASS_PROVISIONAL,single sample matches the BF16 dense fingerprint,128,128,0.010751441773454218,0.0001732558012008667,0.04100250452756882,0.05866663753986352,0.11408026158809662,0.015625,0.9708389037433147,0.9023172905525847,0.0012607218212353838,0.0018808825029154371,0,,
cdc659006853563a4dfe,PASS_PROVISIONAL,single sample matches the BF16 dense fingerprint,128,128,0.002035420462673687,0.0,0.005239842459559437,0.014329720288515042,0.037731077969074295,0.0,0.938865546218486,0.8285714285714286,0.0002601493284073766,0.000850957020280817,0,,
ce5f5d795624bb0be26b,PASS_PROVISIONAL,single sample matches the BF16 dense fingerprint,128,128,0.008697816614918086,5.638794391416013e-06,0.02270877808332442,0.06392835825681682,0.11305953323841102,0.015625,0.98629679144385,0.9393939393939394,0.001491302318078591,0.0019365714388364244,0,,
d01ade66f802d41e4b91,PASS_PROVISIONAL,single sample matches the BF16 dense fingerprint,128,128,0.007919938857135822,5.547218461288139e-05,0.026375624537467952,0.04412734806537624,0.08697343170642853,0.0,0.9858233065953651,0.9393939393939394,0.0010612938064472892,0.001768000049622254,0,,
d8b09c3c7d87562a1319,PASS_PROVISIONAL,single sample matches the BF16 dense fingerprint,128,128,0.006750620203451685,0.0,0.014950595051050179,0.06019003540277478,0.11062210977077497,0.0078125,0.9792502228163988,0.9393939393939394,0.001296230431047438,0.0029874840439790833,0,,
da187bcffc08d8df596e,INCONCLUSIVE,single sample is between accept and reject thresholds,128,128,0.020411992438191362,0.007118843495845795,0.05645450353622436,0.07435101270675652,0.10225481390953065,0.0234375,0.9726771390374326,0.9393939393939394,0.0015873652587868954,0.0030067924800634836,0,mean_abs_logprob_diff,
da58948177e1cf8654f5,PASS_PROVISIONAL,single sample matches the BF16 dense fingerprint,128,128,0.0034838253168535394,1.1920928244535389e-07,0.006392850726842876,0.020677220821380585,0.0683919930458069,0.0,0.9535144798012436,0.8823529411764706,0.0004327401218927165,0.0012747207368164998,0,,
dab696e6f79ee4d1e78d,PASS_PROVISIONAL,single sample matches the BF16 dense fingerprint,128,128,0.008088414989872561,0.00021064479369670153,0.03260417580604553,0.04446780383586882,0.05483061254024507,0.0078125,0.9796958556149729,0.9393939393939394,0.0004759799846174081,0.0005219972065164278,0,,
dba2fe2ed58b228c5e6f,PASS_PROVISIONAL,single sample matches the BF16 dense fingerprint,128,128,0.009729470382810135,0.0012430064380168915,0.03511152267456054,0.05143164396286007,0.08625775158405313,0.0078125,0.9801971925133686,0.9393939393939394,0.0005175083378821488,0.0018005334110173694,0,,
dd6fb356579d9e180ee8,PASS_PROVISIONAL,single sample matches the BF16 dense fingerprint,128,128,0.011747304719159857,0.0002772008301690221,0.0398255169391632,0.060981625318527216,0.10850521624088288,0.015625,0.982954545454545,0.9393939393939394,0.0009005270631793278,0.0018873430659185077,0,,
ddcd86dc11c762f9930c,PASS_PROVISIONAL,single sample matches the BF16 dense fingerprint,128,128,0.010716305236833479,0.0014089196920394897,0.03970396220684051,0.046265937387943254,0.07769965946674348,0.0,0.9820354278074863,0.9393939393939394,0.0005964001613797175,0.0013462148062428974,0,,
de6558a7fee68d77a77e,PASS_PROVISIONAL,single sample matches the BF16 dense fingerprint,128,128,0.01247046611448338,0.0001424711663275957,0.04401370286941528,0.07690948694944374,0.1088862603902817,0.0,0.9788602941176466,0.9393939393939394,0.0016682078551408003,0.0035012824881178813,0,,
deac53e4c4eed71e15c7,PASS_PROVISIONAL,single sample matches the BF16 dense fingerprint,128,128,0.012806355960468974,2.0692845282610506e-05,0.053441742062568645,0.07358938455581665,0.12312535881996167,0.0078125,0.9867424242424239,0.9393939393939394,0.001618124553914857,0.0019247151489310875,0,,
df1ae758c63b2eba25b6,PASS_PROVISIONAL,single sample matches the BF16 dense fingerprint,128,128,0.005988565615552943,0.0007844232022762299,0.017717158794403068,0.03938466608524319,0.060532021522522024,0.0,0.9745710784313719,0.9393939393939394,0.0004682601271301431,0.005539748070835392,0,,
df226192fce797341902,PASS_PROVISIONAL,single sample matches the BF16 dense fingerprint,128,128,0.01520550958808703,0.0003086123615503311,0.048287546634674064,0.06328079998493194,0.08478147387504585,0.015625,0.9617196120872581,0.8823529411764706,0.0014572591764911292,0.006259905690261514,0,,
df2d1e9365fc9a5a3612,PASS_PROVISIONAL,single sample matches the BF16 dense fingerprint,128,128,0.008166010433868554,1.8728349459706806e-05,0.026454503834247585,0.046807092428207304,0.13108874082565325,0.015625,0.9698616946778704,0.9393939393939394,0.001129748688974032,0.0019197811319403785,0,,
dff423d9704a840dcff3,PASS_PROVISIONAL,single sample matches the BF16 dense fingerprint,128,128,0.0028948476173297766,1.1920894849026809e-07,0.0009722162038087834,0.02362334430217731,0.06684269249439254,0.015625,0.9635368920295382,0.8823529411764706,0.00040147202979055635,0.0014428615282822686,0,,
e0d75043b913539245dd,PASS_PROVISIONAL,single sample matches the BF16 dense fingerprint,128,128,0.0017038150945264952,1.0132700936082983e-06,0.0005517147481441485,0.0032812966033816315,0.03408483684062959,0.0,0.9853498217468801,0.9393939393939394,0.00019113098970438883,0.0004696653392165159,0,,
e1106e26e88b26e43da4,PASS_PROVISIONAL,single sample matches the BF16 dense fingerprint,128,128,0.0067458231997374885,5.5634147429373115e-05,0.029483480006456373,0.03363247662782668,0.04896043241024017,0.0,0.9793059269162205,0.9393939393939394,0.0009063328545685607,0.002302540583123926,0,,
e32f92840a7a4de12de8,PASS_PROVISIONAL,single sample matches the BF16 dense fingerprint,128,128,0.011401292429237042,0.0016847182996571064,0.04006253480911255,0.05268332958221436,0.0638935160636902,0.0078125,0.981172014260249,0.9393939393939394,0.00048790347376833027,0.001426057529652447,0,,
e4319382c84d12785440,PASS_PROVISIONAL,single sample matches the BF16 dense fingerprint,128,128,0.008779607721774496,1.6122421584441327e-05,0.02236190438270568,0.05744814872741694,0.08448416039347653,0.0078125,0.9778297682709441,0.9393939393939394,0.001478585270189038,0.0027206221791811537,0,,
e5ffaee275e5ce46097d,PASS_PROVISIONAL,single sample matches the BF16 dense fingerprint,128,128,0.009570020616318786,4.697546501120087e-06,0.04241814464330672,0.06580423414707182,0.10038446247577675,0.0078125,0.9820354278074861,0.9393939393939394,0.0016262553096830718,0.0035472544981151365,0,,
e6e6915439026caf5b7f,PASS_PROVISIONAL,single sample matches the BF16 dense fingerprint,128,128,0.006902787490689732,3.813396233454114e-06,0.021364102512598036,0.041204740107059476,0.0970507997274399,0.0078125,0.9853219696969693,0.9393939393939394,0.0012793152245289385,0.0018826456865930624,0,,
e7be21945ca0ad81fcf8,PASS_PROVISIONAL,single sample matches the BF16 dense fingerprint,128,128,0.0040753088461149,0.0,0.0076699743047356495,0.019641285203397238,0.0737564206123352,0.0,0.9782754010695182,0.9393939393939394,0.0005658752186442388,0.0017314177786155926,0,,
e943331ec9c151e75ca0,PASS_PROVISIONAL,single sample matches the BF16 dense fingerprint,128,128,0.015716696474577574,1.4305043691820174e-06,0.04465571790933606,0.07616501748561846,0.13711316555738473,0.015625,0.978748885918003,0.9393939393939394,0.001769350525725361,0.003905675974254831,0,,
ead575033d25c448fe3d,PASS_PROVISIONAL,single sample matches the BF16 dense fingerprint,128,128,0.007678205894980639,3.091589314863086e-05,0.025221556425094598,0.0435032308101654,0.10629043102264413,0.0078125,0.9691120766488406,0.8823529411764706,0.0010943900533616278,0.0035307729566158076,0,,
ed0e956b8ef0dba85379,PASS_PROVISIONAL,single sample matches the BF16 dense fingerprint,128,128,0.0021869845778499375,3.576253675419139e-07,0.001338005345314741,0.007778053730726209,0.04624264866113665,0.0,0.9722315062388585,0.9393939393939394,0.0003551314777055655,0.0005507374912486942,0,,
f2ec140de4bf39a8be01,PASS_PROVISIONAL,single sample matches the BF16 dense fingerprint,128,128,0.008569998884275787,1.1999509297311306e-05,0.03057453483343123,0.050697556138038634,0.10662134230136885,0.0078125,0.9853498217468801,0.9393939393939394,0.0013528917757835155,0.002698819816617583,0,,
f3007c807c021e4181b1,PASS_PROVISIONAL,single sample matches the BF16 dense fingerprint,128,128,0.008616504326845131,0.0005489203613251448,0.026167559623718258,0.055317690968513425,0.07575463145971305,0.0,0.9811441622103383,0.9393939393939394,0.0009851786132639186,0.0014682628262510141,0,,
f30e6072f963aa16e457,PASS_PROVISIONAL,single sample matches the BF16 dense fingerprint,128,128,0.01259201506421359,0.0006145683582872152,0.04321710318326948,0.08681550174951552,0.1287360846996308,0.0078125,0.9773562834224594,0.9393939393939394,0.0018567570748627426,0.004471598358622729,0,,
f30ea4e58acf7b58a81a,PASS_PROVISIONAL,single sample matches the BF16 dense fingerprint,128,128,0.015889953482763952,0.0029693124815821648,0.04642192721366882,0.06739249825477592,0.12567037999629982,0.0078125,0.9768827985739745,0.9393939393939394,0.001586914385083116,0.0022959753627467268,0,,
f38a2468494a6f425aeb,PASS_PROVISIONAL,single sample matches the BF16 dense fingerprint,128,128,0.004654254130413982,1.3112826309225056e-06,0.010751643776893614,0.021731475740671146,0.0837353459000588,0.0,0.986268939393939,0.9393939393939394,0.0005503487367467803,0.0017328514562036134,0,,
f400d08071f93553a17e,PASS_PROVISIONAL,single sample matches the BF16 dense fingerprint,128,128,0.005979080297905892,2.85623682430014e-05,0.01769062280654907,0.035024537146091425,0.08247752785682692,0.015625,0.9576461524603931,0.8473949579831933,0.001640308206263855,0.006580544618548468,0,,
f5bcada5dcb51b67ec63,PASS_PROVISIONAL,single sample matches the BF16 dense fingerprint,128,128,0.013859223909495455,0.0011819228529930115,0.04793516397476193,0.08210385441780085,0.10205570101737979,0.0078125,0.982063279857397,0.9393939393939394,0.0012589379958795402,0.001863265303222972,0,,
f7b04a9eb798f66c1982,PASS_PROVISIONAL,single sample matches the BF16 dense fingerprint,128,128,0.016138113614509564,0.006465263664722443,0.04788202643394468,0.06269207298755645,0.08207903623580932,0.0234375,0.9764650178253114,0.9393939393939394,0.0012881630232332354,0.00412782087545862,0,,
fa111523ee0fd797981c,PASS_PROVISIONAL,single sample matches the BF16 dense fingerprint,128,128,0.015010552354092821,0.003029697574675083,0.049226966500282285,0.07736662924289692,0.13764721632003785,0.015625,0.9796680035650619,0.9393939393939394,0.0017133026743697917,0.004454550350877521,0,,
fad7a7bed044b720b4b1,INCONCLUSIVE,single sample is between accept and reject thresholds,128,128,0.009456552780935268,0.0009821951389312744,0.030427172780036923,0.04949974119663233,0.07685285389423373,0.03125,0.9700542717086826,0.8823529411764706,0.0009072439179275421,0.001748122617225332,0,rank_delta_nonzero_rate,
fae20e539be49390c497,PASS_PROVISIONAL,single sample matches the BF16 dense fingerprint,128,128,0.003910303040840446,6.316771759884432e-06,0.012690380215644828,0.022343400120735168,0.04847007930278781,0.0,0.9754344919786091,0.9393939393939394,0.0005407710076139932,0.0009417589378334253,0,,
fc774f13ffed5a3f9d24,PASS_PROVISIONAL,single sample matches the BF16 dense fingerprint,128,128,0.0020598028892515607,8.940505722421221e-07,0.0008733984548598523,0.0034285753965377797,0.06420041918754593,0.0,0.9370003004194166,0.7955555555555557,4.8503325435486915e-05,0.0011123633587602712,0,,
ff2d36168a506c775b7f,PASS_PROVISIONAL,single sample matches the BF16 dense fingerprint,128,128,0.0007975251180094567,4.410649353303597e-06,0.0007309418171644206,0.003562451526522635,0.01797511830925946,0.0,0.9256367517434775,0.7465465465465466,0.0001281391838888371,0.001999909795518956,0,,
